ProtID,P10,P13,P14,P24,P29,P3,P31,P36,P42,P43,P44,P46,P47,P49,P53,P11,P12,P15,P17,P18,P19,P2,P20,P21,P22,P23,P26,P30,P32,P34,P37,P4,P40,P45,P48,P5,P50,P51,P52,P6,P9
Q9GZR2,-1.58377969264984,NaN,-2.40870809555054,NaN,-1.21766996383667,-1.79113364219666,-1.76909756660461,-1.41286182403564,-0.946228504180908,-1.23142552375793,-1.69276094436646,-1.80518794059753,-1.47745144367218,-1.86074507236481,-1.27766919136047,-1.54095804691315,-0.936904013156891,-0.823412954807281,-1.2342494726181,0.0520063973963261,-0.941260099411011,-0.777294814586639,-0.256538927555084,-0.484583765268326,-1.59359240531921,-1.16869008541107,-1.16139626502991,-0.52285236120224,-0.406256645917892,-1.58182859420776,-1.218177318573,-1.35971689224243,-0.181985259056091,-1.30257046222687,-0.369466960430145,-0.428892076015472,-0.737404406070709,-0.735676288604736,-1.65948259830475,-0.189940825104713,-0.593231022357941
Q14684;Q14684-2,-1.14490675926209,-1.24486899375916,-1.66744267940521,-1.67137038707733,-0.263990938663483,-1.77344954013824,-1.64851176738739,-1.76913714408875,-0.607739984989166,-1.0377448797226,-1.95611250400543,-2.02727937698364,-1.46520483493805,-1.94711136817932,-1.30363583564758,-1.26572453975677,-0.789931535720825,-0.510412871837616,-0.407926201820374,-0.00208247313275933,-0.98045402765274,-0.446036964654922,-0.454233318567276,-0.354962408542633,-1.62797951698303,-1.45347249507904,-0.0718102157115936,0.0745633468031883,0.421464025974274,-2.03111052513123,-0.852204382419586,-1.61432039737701,0.19745346903801,-0.616434395313263,0.121650338172913,-0.401015251874924,-1.36460340023041,-0.808330953121185,-0.848024010658264,-0.182664960622787,-0.728974223136902
Q9NY61,-0.973356962203979,-0.847288608551025,-1.79928553104401,-1.74569392204285,-0.311321496963501,-1.04125595092773,-1.78276920318604,-1.53544116020203,-0.26774737238884,-1.27795350551605,-2.53247451782227,-1.91107881069183,-1.41943180561066,-1.37131702899933,-1.27066969871521,-0.810652315616608,-0.479226380586624,-0.472020745277405,-0.83967536687851,0.235013514757156,-0.389872938394547,-0.354616582393646,0.278418391942978,-0.459136247634888,-1.03288733959198,-1.00378084182739,-0.365337520837784,0.080881305038929,-0.0619623437523842,-1.96788644790649,-0.364005208015442,-1.3486111164093,-0.0528072342276573,-0.85271680355072,0.42617866396904,-0.128571271896362,-0.686107397079468,-0.763709902763367,-1.17855501174927,-0.107918262481689,-0.553730010986328
P37268;P37268-2;P37268-5;P37268-4;P37268-3,-2.82344198226929,-2.91141629219055,-3.3836350440979,-3.85120677947998,-4.07406330108643,-3.461092710495,-5.53371143341064,-3.43298172950745,-2.73987793922424,-3.55531001091003,-3.62962532043457,-4.02544450759888,-3.38294005393982,-4.77926778793335,-3.33323287963867,-3.69581770896912,-2.73061728477478,-2.11478161811829,-3.11510801315308,-1.17147815227509,-2.76913142204285,-1.86737823486328,-2.80516242980957,-2.80083441734314,-4.54149961471558,-2.48503708839417,-2.3940007686615,-1.95303928852081,-1.29335856437683,-3.41235446929932,-3.42648220062256,-2.39920592308044,-2.01587891578674,-2.86646556854248,-2.0934431552887,-2.65776109695435,-3.19387531280518,-2.90534019470215,-4.14040994644165,-1.53554177284241,-2.41623449325562
Q13895,-1.38570559024811,-1.22467529773712,-2.18365955352783,-2.08668565750122,-0.976696848869324,-1.23132991790771,-1.99944496154785,-1.89668929576874,-0.759795010089874,-1.698566198349,-1.96169233322144,-2.07600998878479,-1.71247327327728,-2.39003610610962,-1.54446017742157,-1.41185796260834,-1.02747285366058,-1.07537221908569,-1.14714527130127,-0.592241764068604,-1.21475732326508,-0.934566140174866,-0.522206425666809,-0.703379452228546,-1.76640212535858,-1.46212267875671,-0.965331673622131,-0.747659921646118,-0.555493950843811,-1.84831941127777,-1.3029351234436,-1.43939030170441,-0.643223643302917,-1.43470013141632,-0.356184065341949,-1.15580523014069,-1.49960553646088,-1.02472329139709,-1.3860410451889,-0.586920380592346,-1.03788578510284
Q6IN84,-0.310703307390213,-0.603958427906036,NaN,-1.2102335691452,-0.319575488567352,-0.846635103225708,-0.976222693920136,-0.924925982952118,-0.976023495197296,-0.33155882358551,-0.435730218887329,-0.228734880685806,0.977903962135315,-1.09181559085846,-0.692620396614075,-0.705845654010773,0.191070184111595,0.150499954819679,0.355242699384689,0.528243839740753,-0.332983136177063,0.0659688785672188,-0.0199093334376812,0.246428743004799,-0.419712245464325,-0.563449800014496,0.586600065231323,0.443884015083313,0.636885344982147,-0.0682976171374321,0.116790473461151,NaN,0.694006443023682,-0.712678551673889,0.581111788749695,-0.420112103223801,-0.197714045643806,0.875590860843658,1.82436084747314,0.490594983100891,0.36302050948143
Q9GZL7,-1.07692635059357,-0.825250506401062,-2.02395796775818,-1.65776658058167,-0.999230444431305,-1.36521756649017,-1.71544110774994,-1.7957763671875,-0.603321552276611,-1.11288356781006,-1.73000359535217,-1.93255054950714,-1.63866722583771,-1.90767395496368,-1.31340289115906,-1.32827353477478,-0.826976895332336,-1.20162212848663,-1.05600452423096,-0.367682456970215,-0.968976616859436,-0.723027348518372,-0.39058792591095,-0.626643717288971,-1.84592199325562,-1.1974925994873,-0.644685924053192,-0.313954561948776,-0.588107645511627,-1.58761298656464,-0.899719297885895,-1.28417932987213,-0.70588219165802,-1.31423711776733,-0.433221966028214,-0.652426064014435,-0.99587494134903,-0.878727912902832,-1.02262115478516,-0.508011698722839,-0.729697942733765
P46087;P46087-4;P46087-2;P46087-3,-0.694944739341736,-0.804950714111328,-2.01874256134033,-1.7990654706955,-0.640743672847748,-1.39309179782867,-1.73943364620209,-1.4876115322113,-0.379635512828827,-0.974558711051941,-1.70169115066528,-1.83379411697388,-1.58138334751129,-1.81930065155029,-1.22595453262329,-1.1839714050293,-0.746205866336823,-1.01534903049469,-0.890465319156647,0.017314376309514,-0.896881997585297,-0.360504359006882,-0.441533148288727,-0.603553771972656,-1.62134289741516,-0.871357619762421,-0.440907329320908,-0.12277989089489,-0.274720311164856,-1.67736804485321,-0.907456636428833,-1.28570735454559,-0.180053904652596,-0.79977023601532,-0.128190726041794,-0.360786467790604,-0.872828125953674,-0.614713132381439,-1.27462232112885,-0.251889765262604,-0.641513109207153
P01034,NaN,-0.269428491592407,-0.0595454573631287,1.03344941139221,0.151873126626015,0.73691338300705,0.0846352577209473,0.217675670981407,0.547385513782501,-0.281615883111954,1.12412071228027,0.770196378231049,0.277869403362274,1.03847193717957,0.521436452865601,0.365319490432739,-0.557582855224609,0.552252769470215,-0.907836735248566,-0.270908176898956,-0.471577048301697,0.493435770273209,-1.70814573764801,-0.386769652366638,0.88387531042099,-0.956302106380463,-2.00069665908813,-1.21169579029083,-1.34602808952332,0.250575602054596,-0.923166573047638,0.682156026363373,-1.43980705738068,-0.155144944787025,NaN,0.291058570146561,1.58136022090912,-1.89328324794769,-0.976498246192932,-0.398346096277237,-0.0101191662251949
Q92979,-1.12148427963257,-0.698086380958557,-1.94822180271149,-1.8902690410614,-0.546715974807739,-1.32501745223999,-1.85915207862854,-1.77878403663635,-0.067655049264431,-1.20091342926025,-1.72663843631744,-1.9235143661499,-1.63982057571411,-2.12836885452271,-1.58139932155609,-1.28109657764435,-0.391875147819519,-0.883435428142548,-0.854833543300629,-0.307323962450027,-0.791788280010223,-0.67571896314621,-0.281758785247803,-0.409906923770905,-1.49885320663452,-1.0747252702713,-0.553030073642731,-0.172425746917725,-0.238077387213707,-1.80822765827179,-0.680874168872833,-1.49843072891235,-0.197461128234863,-0.970248222351074,-0.0800167471170425,0.0265048332512379,-1.16870713233948,-0.609842121601105,-1.0235230922699,-0.172476574778557,-1.12799847126007
O60711;O60711-2,0.317493289709091,0.027724489569664,1.11495614051819,0.654702365398407,0.882748425006866,0.307997643947601,1.46822118759155,0.863002955913544,0.209764987230301,0.411927789449692,1.19759118556976,0.786287903785706,1.18780422210693,0.986595690250397,0.687348604202271,0.849572122097015,0.932132482528687,0.562012135982513,0.262800335884094,-0.831908464431763,0.328295141458511,NaN,-0.217244982719421,0.701497375965118,0.998145520687103,0.2660973072052,-0.507924973964691,-0.645004034042358,-0.645819365978241,1.01094257831573,-0.163490369915962,1.57283174991608,-0.556517660617828,-0.846829652786255,-0.732380151748657,0.586605608463287,0.0609505958855152,0.385800451040268,0.0600214228034019,-1.61899590492249,-0.521257877349854
P56182,-1.25119411945343,-0.897565484046936,-2.29412198066711,-1.77125799655914,-0.609152495861053,-1.41767728328705,-1.9045569896698,-1.77322554588318,-0.420667886734009,-1.23359107971191,-1.94550669193268,-2.0026228427887,-1.40452444553375,-2.43432092666626,-1.42816042900085,-1.28660130500793,-0.790288984775543,-0.705548524856567,-0.920748651027679,-0.120859734714031,-0.764629244804382,-0.643681168556213,-0.399086654186249,-0.178598687052727,-1.93551337718964,-1.51978325843811,-0.43840092420578,-0.0467655919492245,-0.278145104646683,-2.37987446784973,-0.762491703033447,-1.75253403186798,-0.484942853450775,-0.69827538728714,0.242302447557449,-0.439825922250748,-1.30611443519592,-1.02827608585358,-1.09687304496765,-0.181398123502731,-0.684805929660797
Q9BSC4;Q9BSC4-4;Q9BSC4-2,-1.11210811138153,-0.735476076602936,-2.25897574424744,-1.45906341075897,-0.223227858543396,-1.04058384895325,-1.74323487281799,-1.72794330120087,-0.323748588562012,-1.02863192558289,-1.95723032951355,-2.30125498771667,-1.35923898220062,-1.95226085186005,-1.4481360912323,-1.18988871574402,-0.626188576221466,-0.571351528167725,-0.666209757328033,0.10087189078331,-0.69583523273468,-0.413468718528748,-0.0499874800443649,-0.36686709523201,-1.86310791969299,-1.20715534687042,-0.511897087097168,0.001497897435911,-0.0778899192810059,-1.83899283409119,-0.509144186973572,-1.37057077884674,-0.0454009361565113,-0.785468339920044,0.393286257982254,-0.118671886622906,-0.926652550697327,-0.780741631984711,-0.935757696628571,-0.185479626059532,-0.770894706249237
O43824,-0.0743580684065819,NaN,NaN,-0.413593739271164,NaN,-0.332407116889954,-0.724333822727203,NaN,-0.0913235768675804,NaN,NaN,NaN,NaN,NaN,-0.415999948978424,NaN,-0.151169091463089,NaN,0.233258992433548,1.8342227935791,NaN,0.70048588514328,0.900991916656494,0.179062440991402,NaN,0.0206137225031853,NaN,0.555840790271759,0.587725937366486,NaN,-0.998036026954651,NaN,0.722025036811829,0.195180729031563,0.605903327465057,NaN,NaN,0.787779748439789,-0.466463178396225,NaN,0.834181845188141
Q14137;Q14137-2,-1.22482860088348,-0.832958698272705,-1.8297712802887,-1.75391495227814,-0.88009911775589,-1.14920926094055,-1.76644396781921,-1.6111832857132,-0.498283356428146,-1.01021981239319,-1.76325607299805,-1.93363428115845,-1.71685147285461,-1.86053419113159,-1.38130247592926,-1.35335826873779,-0.795638620853424,-1.1370450258255,-1.05356764793396,-0.159470677375793,-1.0622273683548,-0.472222030162811,-0.528427183628082,-0.549589574337006,-1.88756489753723,-1.2385071516037,-0.592797219753265,-0.165987148880959,-0.618250608444214,-1.77829074859619,-1.09557116031647,-1.15533673763275,-0.613785326480865,-0.974031090736389,-0.170550152659416,-0.525349318981171,-0.966450870037079,-0.9676234126091,-1.31116235256195,-0.352131813764572,-0.852004766464233
Q5JTH9;Q5JTH9-2;Q5JTH9-3,-1.31238853931427,-1.16658389568329,-1.35383427143097,-1.33371877670288,-0.596564710140228,-1.29456472396851,-1.51156198978424,-1.01157414913177,-0.194313615560532,-0.412403970956802,-1.51093447208405,-1.35610473155975,-1.22526144981384,-1.18483114242554,-1.02700555324554,-0.752172350883484,-0.579162955284119,-0.724516689777374,-0.772967576980591,-0.178412154316902,-0.648561418056488,-0.395062208175659,-0.505245864391327,-0.488431215286255,-0.945640325546265,-1.17798411846161,-0.765755414962769,-0.371341854333878,-0.481644183397293,-1.51143753528595,-0.636988639831543,-0.485358744859695,-0.241098403930664,-0.536030173301697,-0.182084158062935,-0.208543330430985,-0.791355192661285,-0.902050971984863,-0.975023627281189,-0.30963608622551,-1.08618700504303
Q9NRG7-2;Q9NRG7,NaN,-0.0755927562713623,0.539790451526642,0.952797770500183,2.42172002792358,NaN,0.355315297842026,NaN,1.56799244880676,-0.542326927185059,0.687665402889252,0.742395281791687,0.702357828617096,NaN,-0.222168639302254,1.09129166603088,1.32837188243866,2.65377259254456,2.09155416488647,2.29294061660767,1.89937078952789,2.00110340118408,2.56558108329773,1.97483921051025,NaN,0.553712606430054,1.30583477020264,1.36156725883484,2.44067025184631,NaN,1.58671021461487,NaN,2.08168768882751,1.72471308708191,1.7936989068985,1.99181354045868,2.26794695854187,1.47697949409485,NaN,1.84384274482727,1.32623970508575
Q9H0A0;Q9H0A0-2,-0.888566315174103,-1.08438873291016,-1.86594998836517,-1.70783138275146,-0.433961182832718,-1.03085613250732,-1.77466869354248,-1.59775495529175,-0.211998552083969,-1.04391717910767,-1.74045598506927,-1.64470088481903,-1.52735280990601,-2.34257745742798,-1.1551867723465,-1.19548666477203,-0.552321374416351,-0.979610621929169,-0.576407432556152,0.0915540233254433,-0.758231997489929,-0.388081133365631,-0.354343622922897,-0.607541084289551,-1.62118828296661,-0.90056973695755,-0.484358161687851,0.0969865471124649,-0.0653738528490067,-1.58203065395355,-0.892634212970734,-1.49191188812256,-0.186480596661568,-0.800565361976624,-0.188911482691765,-0.269004285335541,-0.802692532539368,-0.680337190628052,-1.11731684207916,-0.372761338949203,-0.968154788017273
Q9H0S4;Q9H0S4-2,-0.778513550758362,-1.01859200000763,-2.0423424243927,-2.01347041130066,-0.586883246898651,-1.16772389411926,-1.46405208110809,-1.56461215019226,-0.0945539996027946,-0.868664383888245,-1.65030574798584,-2.07484197616577,-1.63399255275726,-2.01792597770691,-1.15124082565308,-0.997623324394226,-0.443625032901764,-0.692358732223511,-0.865432024002075,-0.0267842132598162,-0.793354213237762,-0.502739250659943,-0.46746289730072,-0.421760976314545,-1.65719401836395,-0.82933384180069,-0.205130770802498,-0.00948580261319876,-0.114109769463539,-1.81971049308777,-0.506142675876617,-1.77330303192139,-0.232585668563843,-0.589068531990051,-0.0455929227173328,-0.180869042873383,-0.834010541439056,-0.556462526321411,-1.02337288856506,-0.265399634838104,-1.06583917140961
Q03701,-1.01805031299591,-1.16460514068604,-2.46123886108398,-2.01294422149658,-0.48858842253685,-1.36577022075653,-1.57717859745026,-1.66812288761139,-0.236582264304161,-1.12681949138641,-2.15816712379456,-2.27077341079712,-1.82539093494415,-2.07088828086853,-1.33548593521118,-1.18898725509644,-0.774751484394073,-1.10193848609924,-0.74720972776413,0.167690232396126,-0.896023571491241,-0.542633056640625,-0.415027111768723,-0.576558887958527,-1.98347747325897,-1.26612389087677,-0.663312315940857,-0.353701025247574,-0.140067234635353,-1.8562867641449,-0.600250899791718,-1.63546240329742,-0.0807693377137184,-0.759285271167755,-0.132829278707504,-0.151191309094429,-0.959520220756531,-0.928965866565704,-1.35925102233887,-0.334257185459137,-0.884194910526276
A3KMH1-3;A3KMH1;A3KMH1-2,-0.626145005226135,-0.0343055166304111,0.605169355869293,-0.571217894554138,0.895791292190552,0.307315289974213,-1.57898783683777,-1.10950660705566,0.132773518562317,-1.16945838928223,-0.489301353693008,0.0444756411015987,0.240065068006516,-0.582073926925659,0.32246071100235,0.374430656433105,0.289708524942398,NaN,1.01235520839691,1.19280624389648,0.0231864303350449,0.9301917552948,1.21272492408752,-1.1188178062439,0.19670957326889,0.767616331577301,-0.438714534044266,0.740873754024506,1.31117796897888,0.169116586446762,0.302062213420868,0.0507570914924145,1.66790914535522,0.765493810176849,0.935791254043579,1.43367767333984,0.367601960897446,0.88731324672699,0.225550785660744,0.0648710280656815,1.23439311981201
Q6DKI1;Q6DKI1-2,-0.915066421031952,-0.616701364517212,-1.89302396774292,-1.71195447444916,-0.521724283695221,-1.10657203197479,-1.82394874095917,-1.46286928653717,-0.440926373004913,-1.0312796831131,-1.97932171821594,-1.88263595104218,-1.47780334949493,-1.93587565422058,-1.3152494430542,-0.992365956306458,-0.572317481040955,-0.759740710258484,-0.84727144241333,-0.229344770312309,-0.698194026947021,-0.551468968391418,-0.398556917905808,-0.637991428375244,-1.65814924240112,-1.35890018939972,-0.336737841367722,-0.167703747749329,-0.200352430343628,-1.7282247543335,-0.787245213985443,-1.29209125041962,-0.5854651927948,-0.857918679714203,-0.004730851855129,-0.27297705411911,-0.993302464485168,-0.992715358734131,-0.958469271659851,-0.161160379648209,-0.749823391437531
Q15118;Q15118-2,-0.539192140102386,-0.831942200660706,0.339674144983292,-0.785384774208069,1.09884989261627,-0.353758096694946,-2.71522235870361,-0.573287606239319,1.4295140504837,0.0362365953624249,-0.462036222219467,0.107583403587341,-0.176381155848503,-0.752892732620239,0.132602706551552,-0.190661162137985,1.29950380325317,0.546842217445374,2.26793241500854,0.423865646123886,0.668365359306335,1.10016775131226,0.678573310375214,0.0992451310157776,-1.24197387695313,-0.409525483846664,2.41587686538696,2.56701231002808,2.07690668106079,-0.527067065238953,2.22855591773987,NaN,1.62498188018799,0.183368027210236,2.22895836830139,2.54107785224915,0.0219626743346453,1.18092775344849,0.808755338191986,-0.346089392900467,0.683000266551971
Q96GQ7,-0.503895938396454,-0.597574830055237,-1.69719982147217,-1.58763194084167,-0.250425666570663,-1.22369396686554,-1.74915480613709,-1.41869795322418,-0.164972379803658,-0.837126553058624,-1.65798342227936,-1.84275710582733,-1.48160815238953,-1.71025955677032,-1.06509709358215,-0.995276212692261,-0.336231589317322,-0.479885309934616,-0.488384634256363,0.171853393316269,-0.657674074172974,-0.262081444263458,-0.181350842118263,-0.246521770954132,-1.65965640544891,-1.05648517608643,-0.151345819234848,-0.0359896309673786,-0.161354660987854,-1.62510514259338,-0.713424444198608,-1.22609055042267,-0.0767035782337189,-0.66980242729187,0.0741407498717308,-0.102051928639412,-0.751932501792908,-0.535201489925385,-0.970746695995331,-0.059378195554018,-0.485777407884598
Q9BQG0;Q9BQG0-2,-0.478785306215286,-0.550400793552399,-1.54891335964203,-1.43957257270813,-0.0503302291035652,-1.1220041513443,-1.12345910072327,-1.21250379085541,0.00791206583380699,-0.907623589038849,-1.4183098077774,-1.69289231300354,-1.2188948392868,-1.61149084568024,-0.653070211410522,-0.709665477275848,-0.443966031074524,-0.625499129295349,-0.431161791086197,0.252953767776489,-0.370621204376221,-0.21598993241787,-0.0742778927087784,-0.386657387018204,-1.3681423664093,-0.999732613563538,-0.0823749452829361,0.13718219101429,-0.134721383452415,-1.44457745552063,-0.324908822774887,-0.766467094421387,0.20249180495739,-0.491160124540329,0.362698793411255,0.146100148558617,-0.506958425045013,-0.409501433372498,-0.792741596698761,-0.0851621851325035,-0.356385439634323
Q9Y3B9,-1.39287042617798,-1.13462913036346,-2.62434339523315,-2.24887084960938,-0.916840016841888,-1.46526050567627,-2.18561458587646,-1.78849768638611,-0.120244368910789,-1.24532699584961,-2.23559761047363,-2.33913779258728,-2.06818270683289,-2.37241840362549,-1.36682295799255,-1.40947365760803,-0.678112208843231,-1.30416166782379,-1.23570930957794,-0.260664522647858,-0.914200305938721,-0.690760552883148,-0.431193083524704,-0.821961104869843,-2.21103286743164,-1.5892778635025,-0.644415557384491,-0.254297912120819,-0.0952010527253151,-1.90833973884583,-0.727081894874573,-1.96604442596436,-0.466548830270767,-0.811272621154785,-0.281555622816086,-0.43602654337883,-1.07728481292725,-0.925470471382141,-1.29638040065765,-0.448048263788223,-1.12879455089569
Q9Y3T9,-1.12183034420013,-1.35980725288391,-2.56552791595459,-2.16391944885254,-0.426291733980179,-1.52562582492828,-1.91759943962097,-1.99585938453674,-0.384582728147507,-1.34534752368927,-2.63544487953186,-2.32391119003296,-1.78615295886993,-2.65466165542603,-1.53858387470245,-1.2636137008667,-0.861476480960846,-0.93631911277771,-0.76659494638443,-0.219529867172241,-1.33057129383087,-0.536190211772919,-0.558682084083557,-0.437940716743469,-2.23790740966797,-1.85147261619568,-0.492928355932236,-0.396513909101486,-0.230052977800369,-2.19244241714478,-0.723425149917603,-1.78452813625336,-0.204941317439079,-0.905243694782257,-0.0498170927166939,-0.395351886749268,-1.62153470516205,-1.06504893302917,-0.9513059258461,-0.349210470914841,-0.959910213947296
Q9BVJ6;Q9BVJ6-3;Q9BVJ6-2,-1.03157472610474,-0.827421367168427,-1.96778500080109,-1.47760319709778,-0.507313847541809,-1.27533769607544,-1.66571795940399,-1.3674738407135,-0.243494227528572,-1.06517243385315,-1.91036474704742,-2.04786610603333,-1.49441254138947,-1.92406558990479,-1.24093103408813,-1.23866653442383,-0.626989483833313,-0.720111489295959,-1.03044641017914,-0.40002715587616,-0.612786054611206,-0.52276349067688,-0.299098819494247,-0.620369791984558,-1.56882953643799,-1.1972599029541,-0.470637500286102,-0.342926859855652,-0.26887708902359,-1.86167085170746,-0.707447171211243,-1.17436456680298,-0.215016007423401,-0.904663443565369,0.198883086442947,-0.227700486779213,-1.12965774536133,-0.80530172586441,-1.19469583034515,-0.0766551122069359,-0.781222403049469
P12318-2;P12318,NaN,NaN,1.35727453231812,1.13734698295593,NaN,1.27401340007782,NaN,0.952783286571503,NaN,1.22456872463226,1.12299454212189,1.09976637363434,0.743747591972351,1.51713621616364,0.84324449300766,NaN,NaN,-0.705296158790588,0.669744074344635,NaN,0.0802323445677757,1.10660874843597,-0.89116233587265,-0.50627201795578,0.686031401157379,0.260031580924988,NaN,NaN,NaN,0.910061657428741,-1.23132252693176,0.540013790130615,NaN,NaN,-0.245693132281303,NaN,1.76012456417084,0.305733025074005,NaN,NaN,NaN
Q15397,-1.10980713367462,-0.959645867347717,-1.71331536769867,-1.91165494918823,-0.749142110347748,-1.5339914560318,-2.16790080070496,-1.71671450138092,-0.487902373075485,-1.10068869590759,-1.80792903900146,-2.14983344078064,-1.77793765068054,-2.15426754951477,-1.2730792760849,-1.19238984584808,-0.675598740577698,-1.12577271461487,-1.12440383434296,-0.252510905265808,-0.702900171279907,-0.614139139652252,-0.575302004814148,-0.786154687404633,-2.15789365768433,-1.28411829471588,-0.531491219997406,-0.203533604741097,-0.501133143901825,-1.98343002796173,-0.89332115650177,-1.67386305332184,-0.501168131828308,-0.712907552719116,-0.0225782096385956,-0.53938901424408,-1.64975380897522,-1.06122696399689,-1.08257913589478,-0.261950850486755,-0.99861603975296
P78316;P78316-2,-1.23954105377197,-0.935322403907776,-2.70579361915588,-1.81430375576019,-0.794127345085144,-1.87671542167664,-2.08374619483948,-1.64995992183685,-0.500070810317993,-1.21507263183594,-1.92834258079529,-2.27803206443787,-1.58612239360809,-2.37900686264038,-1.73604774475098,-1.42285430431366,-0.784470856189728,-1.14804244041443,-1.47649908065796,-0.374145895242691,-1.05546152591705,-0.787569582462311,-0.499178379774094,-0.833655297756195,-1.95502245426178,-1.33467996120453,-0.856545209884644,-0.379215985536575,-0.307893544435501,-2.16636919975281,-0.905639111995697,-1.83067774772644,-0.365572780370712,-0.856809496879578,-0.263628393411636,-0.497811794281006,-1.33305907249451,-1.15223336219788,-0.864019274711609,-0.21334220468998,-1.29603636264801
Q16850;Q16850-2,-1.73650205135345,-2.47000694274902,-3.38112258911133,-1.56249928474426,-3.29258871078491,-2.8103187084198,-4.35106468200684,-1.96463477611542,-2.74760174751282,-2.4698851108551,-3.15315914154053,-3.52023696899414,-2.68739247322083,-3.7376275062561,-2.47589802742004,-3.65355324745178,-2.59283685684204,-1.34738028049469,-2.02368807792664,-0.960889995098114,-2.19066858291626,-0.851691722869873,-2.65592694282532,-1.83778715133667,-3.37110137939453,-1.39712584018707,-1.41809916496277,-0.72777396440506,-0.890480756759644,-2.49583673477173,-3.10950875282288,-1.28111958503723,-1.34916067123413,-1.34928905963898,-1.6364369392395,-2.51665282249451,-2.52473187446594,-2.90491247177124,-1.77600979804993,-0.90835702419281,-2.17829585075378
Q9BVP2-2;Q9BVP2,-1.13917136192322,-1.19611883163452,-2.39403247833252,-2.3815701007843,-0.703358829021454,-1.13675045967102,-2.79184603691101,-1.84418928623199,-0.75393158197403,-1.5259747505188,-2.5805721282959,-2.48929262161255,-2.02704954147339,-2.31634306907654,-1.84232079982758,-1.15121924877167,-0.611594498157501,-1.22982323169708,-1.04654216766357,-0.612957119941711,-0.716444253921509,-0.989695370197296,-0.699439108371735,-0.783422946929932,-2.26613354682922,-1.95754241943359,-0.632189333438873,-0.36961442232132,-0.34358936548233,-2.82192468643188,-0.848332285881042,-1.86984193325043,-0.325845241546631,-0.919127821922302,-0.0414620861411095,-0.499224334955215,-1.91694700717926,-1.44095551967621,-1.11060476303101,-0.229605376720428,-1.08651435375214
Q8NEJ9-2;Q8NEJ9,-0.713663935661316,-0.75642192363739,-1.94296252727509,-1.76005876064301,-0.159787192940712,-0.924444973468781,-1.50187766551971,-1.76671648025513,-0.113669387996197,-0.950064063072205,-3.29820537567139,-1.91234850883484,-1.41588759422302,-1.82787764072418,-1.19094169139862,-1.12180483341217,-0.11574936658144,-0.359699726104736,-0.577351093292236,0.208395764231682,-0.554844617843628,-0.446486473083496,0.0663537830114365,-0.340625256299973,-1.54993271827698,-1.18573892116547,-0.16527396440506,0.0858199223875999,-0.0276138167828321,-1.59150242805481,-0.662145733833313,-1.52276587486267,0.0752632692456245,-0.773700773715973,0.271190136671066,-0.0510096848011017,-0.655738353729248,-0.768698871135712,-0.484884589910507,-0.0297473911195993,-0.503500819206238
Q8WTT2,-1.06366777420044,-1.4051228761673,-2.4796257019043,-2.01143312454224,-0.266690045595169,-1.37568616867065,-2.19230055809021,-1.93078589439392,-0.431628912687302,-1.24515771865845,-2.68876457214355,-2.58533048629761,-1.82169950008392,-3.1861207485199,-1.3197854757309,-1.25205445289612,-0.82688981294632,-0.614750146865845,-0.661344170570374,-0.343976646661758,-1.37366855144501,-0.60022509098053,-0.321964830160141,-0.157225281000137,-2.38926410675049,-2.25984787940979,-0.32669523358345,-0.366597861051559,-0.0621648170053959,-2.10505938529968,-0.453568488359451,-1.24934411048889,-0.0110884718596935,-0.614626169204712,0.258201628923416,-0.375040799379349,-2.13023400306702,-1.06612873077393,-0.82859742641449,-0.321866065263748,-0.864262282848358
Q96CM8-3;Q96CM8;Q96CM8-2;Q96CM8-4,1.1028653383255,0.445617526769638,0.460316240787506,0.610538184642792,0.460385292768478,0.489003509283066,1.20036566257477,0.121602199971676,2.01019048690796,0.220258459448814,0.558785438537598,0.353877276182175,0.637270152568817,0.192675977945328,0.55517441034317,1.34671664237976,1.68700563907623,-0.161991566419601,0.532186686992645,1.23218250274658,0.923668205738068,0.77038848400116,2.30516290664673,1.51417422294617,0.299241930246353,1.44323825836182,0.967459976673126,1.09308290481567,2.26790547370911,1.06662356853485,1.15367984771729,1.37034451961517,1.84055852890015,0.599661886692047,1.68106985092163,1.70391201972961,1.06491267681122,1.86520481109619,1.33193290233612,0.693926215171814,0.936232686042786
Q14690,-0.867348313331604,-0.843958020210266,-2.18469882011414,-1.67087388038635,-0.241219937801361,-1.25369083881378,-2.09498476982117,-1.49655747413635,-0.162292256951332,-0.993119120597839,-2.03490996360779,-2.01561450958252,-1.50359678268433,-2.12420988082886,-1.11809074878693,-1.15775752067566,-0.517211437225342,-0.969661474227905,-0.561780393123627,0.0271157547831535,-0.600979924201965,-0.368440508842468,-0.170985490083694,-0.57412987947464,-1.91098070144653,-1.29798662662506,-0.530023813247681,-0.0333162434399128,0.0529539473354816,-1.65170776844025,-0.632605016231537,-1.41819632053375,-0.213760852813721,-0.793761909008026,0.126225009560585,-0.239218428730965,-0.99665355682373,-0.741400599479675,-1.02675020694733,-0.107981078326702,-0.587682723999023
P09874,0.412723660469055,0.221132650971413,-1.00480532646179,-0.720664978027344,0.264152675867081,-0.269102245569229,-1.03151571750641,-1.20772123336792,0.120052821934223,-0.717900693416595,-1.00567698478699,-0.945774734020233,-0.443276673555374,-1.05710911750793,-0.124877341091633,-0.535680711269379,0.211007684469223,0.51375550031662,0.29769179224968,0.683543145656586,-0.213386863470078,0.160738721489906,0.813564956188202,0.677675187587738,-0.899605691432953,-0.25847989320755,0.975551545619965,1.90158581733704,0.714876353740692,-0.66604483127594,-0.183019757270813,-1.35898494720459,0.535142064094543,-0.310964554548264,0.652718663215637,0.608242332935333,-0.227969199419022,0.381889402866364,-0.435425788164139,0.533774614334106,0.182180851697922
Q15050,-1.31658208370209,-1.13259744644165,-2.06625318527222,-2.26373147964478,-0.476847410202026,-1.17136681079865,-2.28344297409058,-1.60776805877686,-0.269960790872574,-1.22662627696991,-2.51043009757996,-2.35048913955688,-1.9222127199173,-2.23263430595398,-1.60177731513977,-1.04685521125793,-0.546193718910217,-0.95670211315155,-1.00971710681915,-0.307620376348495,-0.954275906085968,-0.727025866508484,-0.0992045700550079,-0.655835628509521,-1.74872028827667,-1.98014664649963,-0.622330605983734,-0.44627919793129,-0.329101949930191,-2.57269954681396,-0.874331533908844,-0.894433498382568,-0.191343888640404,-0.87189108133316,0.207959935069084,-0.372994422912598,-1.38430559635162,-1.55658030509949,-1.13532364368439,-0.356448203325272,-1.05142426490784
P35754,2.18811774253845,NaN,NaN,2.20757532119751,1.90922367572784,1.64397716522217,2.98379063606262,2.41519618034363,1.12519001960754,NaN,2.78932023048401,2.04602098464966,2.35247230529785,1.83494222164154,NaN,2.53932595252991,1.83768653869629,1.34424209594727,0.369327634572983,-0.468147188425064,2.27404594421387,NaN,0.815893590450287,0.715804934501648,2.43572044372559,0.172178983688354,NaN,NaN,NaN,2.30766034126282,2.41951632499695,NaN,0.537518322467804,0.90671980381012,0.285453885793686,1.25546061992645,-0.0663561820983887,-0.283423006534576,3.04586005210876,-0.316583335399628,1.87952148914337
Q9BXY0,-1.92317712306976,-1.5074235200882,-2.0291919708252,-2.55230140686035,-0.786007165908813,-1.38140428066254,-2.78621530532837,-1.95152258872986,-0.527773022651672,-1.15945029258728,-2.47044730186462,-2.60578060150146,-2.0739369392395,-2.87785625457764,-1.54787755012512,-1.21247088909149,-0.696442186832428,-1.43179798126221,-0.987884938716888,-0.451076179742813,-1.16559970378876,-0.789721846580505,-0.314427316188812,-0.839939713478088,-2.34379911422729,-2.09962606430054,-0.961673855781555,-0.587044835090637,-0.604990482330322,-2.63445568084717,-0.875950813293457,-1.39683151245117,-0.614340007305145,-1.01505219936371,-0.269187808036804,-0.564942181110382,-1.82236838340759,-1.44513738155365,-1.56136167049408,-0.447124511003494,-1.28565955162048
Q8NI36,-0.741664469242096,-0.627582788467407,-1.86180710792542,-1.56995666027069,-0.262426316738129,-0.953441500663757,-1.80283451080322,-1.33182919025421,-0.0651915147900581,-0.760330498218536,-1.60858821868896,-1.77994394302368,-1.19649517536163,-1.8594366312027,-1.03649008274078,-0.959687530994415,-0.476117104291916,-0.725014448165894,-0.693225026130676,0.104445725679398,-0.412814766168594,-0.310213834047318,-0.107232235372067,-0.495885938405991,-1.5778933763504,-0.936142206192017,-0.385459035634995,-0.0728178098797798,0.0154833076521754,-1.44362258911133,-0.510856986045837,-1.3068653345108,-0.122928097844124,-0.717078268527985,0.183225065469742,-0.0581312999129295,-0.642994701862335,-0.488327324390411,-0.869535088539124,-0.0303683001548052,-0.768075048923492
Q9BVI4,-1.48932147026062,-1.15787267684937,-2.34336709976196,-2.14951157569885,-0.81584358215332,-1.71674764156342,-2.0387966632843,-1.93224775791168,-0.410036027431488,-1.33191239833832,-2.13081741333008,-2.5504367351532,-1.95379984378815,-2.40735054016113,-1.73010766506195,-1.52274227142334,-0.859434723854065,-1.3324168920517,-1.28221392631531,-0.39142844080925,-1.25554847717285,-0.710886836051941,-0.71999329328537,-0.85045200586319,-1.95305871963501,-1.55679678916931,-0.833589196205139,-0.515483915805817,-0.552370309829712,-2.31120848655701,-1.13405776023865,-2.07230806350708,-0.450409203767776,-1.09556877613068,-0.25179323554039,-0.641551613807678,-1.28704154491425,-1.23617100715637,-1.3930139541626,-0.310970842838287,-1.49952387809753
Q8WWH5,-0.789296567440033,-0.634035170078278,NaN,-1.32821547985077,NaN,-0.357241749763489,-1.40502119064331,-1.75749862194061,-0.661786437034607,-1.61095666885376,-1.34357500076294,NaN,-0.695521175861359,NaN,-1.23278713226318,-0.568207323551178,NaN,-0.0869223400950432,NaN,NaN,-1.09964203834534,NaN,-0.350794613361359,-0.321182638406754,NaN,NaN,0.112477369606495,NaN,NaN,-0.811674058437347,-0.448695808649063,-0.941337049007416,-0.624100148677826,NaN,NaN,-0.22628989815712,NaN,-0.437134921550751,NaN,NaN,0.570848703384399
P13667,-0.81489372253418,-0.189085677266121,-0.193916395306587,-0.353558599948883,-0.408896684646606,-0.212645336985588,0.0144928796216846,0.100729204714298,-0.718512535095215,-0.127300754189491,-0.22920386493206,-0.223441630601883,-0.613783955574036,-0.313179492950439,-0.607176542282104,-0.719505965709686,-0.927922785282135,-0.400913208723068,-0.842326283454895,-0.265521466732025,-0.878488957881927,-0.352505475282669,-2.02054667472839,-0.102288387715817,-0.35048234462738,0.0993497148156166,-1.31793487071991,-1.15306222438812,-0.976406812667847,-0.197417184710503,-0.887129247188568,-0.610190451145172,-0.832895636558533,-1.07302021980286,-1.34879767894745,-0.900897204875946,0.175538495182991,-0.349435418844223,-1.12750351428986,-0.554570019245148,-0.973009645938873
Q12882,0.361166089773178,1.04900586605072,1.79919195175171,1.87265205383301,1.69203364849091,1.24405121803284,2.41790533065796,2.58108186721802,1.16031324863434,1.94374346733093,2.21467757225037,2.1593770980835,2.20670914649963,1.84756660461426,1.30107748508453,2.36686539649963,0.81887412071228,-0.504771113395691,1.51779353618622,-0.0499591417610645,1.34288787841797,-0.388828992843628,1.87482786178589,-0.214653611183167,2.7768657207489,1.04225099086761,0.674130260944366,-0.17167454957962,0.489749819040298,2.12589001655579,2.19743514060974,2.30984663963318,0.812217891216278,-0.500304400920868,0.596551656723022,1.42510902881622,1.51838386058807,0.590401113033295,1.1161482334137,-0.47586864233017,-0.716514408588409
Q8N442,NaN,-0.638963758945465,0.0325332060456276,-0.134285673499107,-0.806932330131531,-0.0594237335026264,-1.11222386360168,-0.579410314559937,-0.875767111778259,-0.316499471664429,-0.691125273704529,-0.642809629440308,-0.131326481699944,-0.65922886133194,-0.410749584436417,-0.627101421356201,0.138607949018478,NaN,0.111798837780952,0.809183180332184,NaN,-0.109766408801079,-0.135301992297173,-0.324600160121918,NaN,NaN,-0.666954636573792,0.532753109931946,0.179992482066154,0.121645115315914,-0.0231189448386431,-0.851506769657135,0.296553373336792,-0.710845112800598,0.0995793417096138,0.528273642063141,-0.453937709331512,0.111275047063828,NaN,0.140972137451172,NaN
Q9H8H0,-0.895598888397217,-0.582209467887878,-1.66211020946503,-1.44037461280823,-0.387237966060638,-0.909858167171478,-1.61009538173676,-1.26438820362091,-0.199870929121971,-0.720066487789154,-1.56372761726379,-1.83298861980438,-1.40180861949921,-1.52383172512054,-1.17421996593475,-0.870134115219116,-0.482329100370407,-0.871491074562073,-0.717707514762878,0.0242546256631613,-0.705247640609741,-0.443722069263458,-0.241352736949921,-0.562309861183167,-1.51299023628235,-1.05572068691254,-0.532761693000793,0.172634944319725,-0.267498373985291,-1.55142104625702,-0.655726552009583,-1.22332262992859,-0.404453724622726,-0.665991425514221,0.201090440154076,-0.24089652299881,-0.7164226770401,-0.552630126476288,-0.961685478687286,-0.0147769758477807,-0.7826207280159
Q9H6F5,NaN,-1.10607433319092,-1.30442726612091,-2.15312790870667,-0.560416281223297,-1.35412633419037,-2.31384062767029,-1.7017308473587,-0.22812707722187,-1.14122295379639,-2.37969923019409,-2.29421234130859,-1.69664096832275,-2.66869521141052,-1.41392052173615,-1.29190015792847,-0.367503583431244,-1.2311407327652,-1.40841233730316,-0.191114395856857,-0.980778336524963,-0.482434958219528,-0.185313045978546,-0.907220602035522,-1.84882986545563,-1.22888708114624,-0.573672115802765,-0.262611299753189,0.0115869306027889,-2.30289793014526,-0.992099046707153,-1.09772038459778,-0.419773668050766,-1.05082428455353,-0.112525075674057,-0.476941078901291,-0.770868539810181,-1.11004984378815,-1.17449188232422,0.274429321289063,-0.825832366943359
Q8TDQ1;Q8TDQ1-6,NaN,NaN,1.51045882701874,1.54500257968903,NaN,NaN,NaN,1.13250648975372,NaN,2.01596784591675,1.34880125522614,1.2089307308197,1.01841223239899,1.93027126789093,0.14181299507618,0.121213398873806,NaN,NaN,-0.849566638469696,0.313664257526398,0.928271889686584,0.143029093742371,-0.517064154148102,-0.639009773731232,1.4790563583374,0.369144320487976,-1.63905596733093,NaN,-0.0653468891978264,0.293207764625549,NaN,0.620341539382935,NaN,NaN,NaN,NaN,1.89608383178711,1.25622045993805,NaN,NaN,NaN
Q92888;Q92888-3;Q92888-2;Q92888-4,0.100661501288414,-0.0913845226168633,0.591449439525604,0.999008059501648,0.074614629149437,0.633913993835449,0.794301450252533,0.96142852306366,-0.284200489521027,0.50332236289978,1.02127718925476,0.798818528652191,0.777448177337646,0.847684979438782,0.490468770265579,0.793297946453094,0.205617010593414,0.497692435979843,-0.363534331321716,-1.09027361869812,0.605039060115814,-0.859236776828766,-0.090924359858036,-0.256850183010101,1.09788429737091,0.146398112177849,0.471994698047638,-0.603288233280182,-0.788913130760193,0.827246606349945,0.443214774131775,0.558784306049347,-0.488916397094727,0.0128077371045947,-0.506691157817841,0.00805473048239946,-0.0593981631100178,-0.143098324537277,0.705972969532013,-1.18148791790009,0.311560571193695
Q9H7B2,-1.30157697200775,-1.13190281391144,-1.56815028190613,-1.79857242107391,-0.593919813632965,-1.17756772041321,-2.24240517616272,-1.57440853118896,-0.358715534210205,-1.06484985351563,-2.13854241371155,-2.16656112670898,-1.83755171298981,-1.88633275032043,-1.55989956855774,-0.910852015018463,-0.804156959056854,-0.863944411277771,-1.01013422012329,-0.182234853506088,-0.915217816829681,-0.435837626457214,-0.175388142466545,-0.721488952636719,-1.48031568527222,-2.0438015460968,-0.553511261940002,0.192123115062714,-0.571179866790771,-2.55661511421204,-0.892863273620605,-1.10398149490356,-0.340286731719971,-0.908140182495117,0.085547000169754,-0.414271503686905,-1.50477826595306,-1.61756038665771,-1.11046302318573,-0.397633403539658,-1.00803351402283
Q8TDN6,-1.06388366222382,-0.886497437953949,-2.21680450439453,-2.22983980178833,-0.404225081205368,-1.40893304347992,-2.2614164352417,-1.54704356193542,-0.39101842045784,-1.01028716564178,-2.10423183441162,-2.38729596138,-1.94436621665955,-2.22548580169678,-1.61571872234344,-1.07935321331024,-0.567944288253784,-1.03776407241821,-1.23370170593262,-0.274112492799759,-0.594461917877197,-0.653409838676453,-0.438438415527344,-0.568868100643158,-1.88120985031128,-1.59947669506073,-0.446945875883102,-0.244962841272354,-0.375465750694275,-2.28367018699646,-0.837018847465515,-1.85715985298157,-0.271244645118713,-0.752948105335236,0.194672465324402,-0.752577006816864,-1.26214694976807,-1.08797764778137,-0.965676128864288,-0.227644145488739,-1.00121378898621
Q14692,-0.649942874908447,-0.619203746318817,-1.65617799758911,-1.41075968742371,-0.0312046445906162,-1.26832091808319,-1.51985573768616,-1.07835018634796,0.305022835731506,-0.785623967647552,-1.76586973667145,-1.93663108348846,-1.20918619632721,-1.82255578041077,-1.03844797611237,-0.815614581108093,-0.222014114260674,-0.602373957633972,-0.521307229995728,-0.0708584114909172,-0.300930887460709,-0.400249838829041,0.0734309926629066,-0.31882056593895,-1.43401443958282,-1.05086874961853,-0.286718457937241,-0.135979637503624,0.291230142116547,-1.4298267364502,-0.302051365375519,-1.12524962425232,0.173541933298111,-0.513816297054291,0.465544909238815,0.220844909548759,-0.761294007301331,-0.724891722202301,-0.728708028793335,0.0296306684613228,-0.506255328655243
Q9NQ55-2;Q9NQ55;Q9NQ55-3,-1.1007776260376,-1.15519833564758,-2.87103915214539,-2.39099383354187,-0.780706107616425,-1.46956646442413,-1.72303378582001,-1.54704356193542,-0.198483362793922,-0.876324057579041,-2.17866611480713,-2.13550567626953,-1.6906840801239,-2.15035629272461,-1.29567635059357,-1.39625728130341,-0.630188643932343,-1.08999037742615,-1.23497951030731,-0.0195507146418095,-0.981588780879974,-0.411144584417343,-0.500666439533234,-0.797598361968994,-1.74541318416595,-1.31977736949921,-0.559465706348419,-0.172494053840637,-0.252581834793091,-1.78927934169769,-0.462246596813202,-1.7998104095459,-0.599281311035156,-0.575845241546631,-0.199980095028877,-0.187546089291573,-1.32351076602936,-1.21140813827515,-1.4996018409729,-0.0749563351273537,-1.15889549255371
O75691,-0.757240533828735,-0.566251158714294,-1.79880392551422,-1.49686872959137,-0.0189272165298462,-1.37042093276978,-1.56183469295502,-1.11817038059235,0.347278356552124,-0.694777309894562,-1.59132087230682,-1.90696561336517,-0.897740721702576,-1.72408676147461,-1.04642403125763,-0.696988761425018,-0.141939848661423,-0.770293653011322,-0.560691833496094,0.0036648134700954,-0.362750917673111,-0.324363350868225,0.185581475496292,-0.13337342441082,-1.45083427429199,-0.931360244750977,-0.0494705997407436,-0.224856376647949,0.176023975014687,-1.48402500152588,-0.058466300368309,-1.21220731735229,0.26971772313118,-0.712964832782745,0.673213005065918,0.124136812984943,-0.851486146450043,-0.401092827320099,-0.894103825092316,0.068357840180397,-0.626989126205444
Q01826;Q01826-2,-1.14251983165741,-1.91873371601105,-3.21927618980408,-3.45376491546631,-1.8765412569046,-3.45642280578613,-4.4120717048645,-2.69378161430359,-0.616065800189972,-2.62872624397278,-2.71769523620605,-3.4387731552124,-2.91321706771851,-1.50620174407959,-2.99458885192871,-2.09238266944885,-0.332305073738098,-2.54306292533875,-1.25889706611633,-0.825561702251434,-2.25310373306274,-0.339674264192581,-2.79687213897705,-2.53764200210571,-3.71771669387817,-1.76496315002441,-0.0471200719475746,0.154231250286102,-0.67238712310791,-3.00084686279297,-0.560086071491241,-3.46266484260559,-0.422345370054245,-1.69892144203186,-0.339636653661728,-0.22628989815712,-2.4557933807373,-1.3386218547821,-1.24020326137543,-0.829784035682678,-1.6622519493103
Q8IUZ5,-0.0118376910686493,NaN,NaN,-0.240999236702919,-0.157810136675835,-0.501173436641693,-0.275883466005325,-0.213702410459518,NaN,NaN,NaN,-0.50172483921051,-0.440275251865387,NaN,-0.147521823644638,NaN,NaN,-0.465415447950363,-0.21337603032589,NaN,NaN,NaN,0.90945440530777,NaN,0.411045581102371,NaN,0.916023671627045,0.776435554027557,0.65598064661026,0.60822868347168,NaN,-0.229081779718399,NaN,NaN,-0.555555999279022,NaN,-0.262126058340073,NaN,-0.0475296154618263,0.63621723651886,0.798438251018524
Q9NU22,-0.972514986991882,-0.680859208106995,-2.02852010726929,-1.98150885105133,-0.81054300069809,-0.904654681682587,-1.37223219871521,-1.34157586097717,-0.154859155416489,-0.930400252342224,-1.58002555370331,-2.04232358932495,-1.49580276012421,-1.78365957736969,-1.05216801166534,-1.26783311367035,-0.585975825786591,-0.700828433036804,-0.916345417499542,0.192840397357941,-0.85686856508255,-0.440498173236847,-0.675622403621674,-0.53484171628952,-2.0400230884552,-0.880236446857452,-0.749042451381683,0.00562774855643511,-0.254557609558105,-1.49984788894653,-0.614690184593201,-1.63233482837677,-0.247966632246971,-0.786434650421143,-0.0911284685134888,-0.189138293266296,-0.647057235240936,-0.542219877243042,-1.09049737453461,-0.160983264446259,-0.820582509040833
Q9Y3C1;Q9Y3C1-3;Q9Y3C1-2,-1.32867014408112,-0.927770495414734,-2.13635516166687,-1.79783236980438,-0.534329891204834,-1.01318156719208,-2.65082597732544,-1.41839122772217,-0.347940921783447,-1.24052011966705,-2.14659380912781,-2.26360845565796,-1.85625731945038,-1.97792446613312,-1.16602492332459,-0.564352989196777,-0.704050779342651,-1.4286801815033,-1.30932116508484,-0.118084415793419,-0.798867464065552,-0.672128915786743,-0.499426424503326,-0.861348986625671,-1.54949915409088,-1.62450671195984,-0.527182459831238,-0.622799932956696,-0.405740916728973,-2.00338768959045,-0.749732732772827,-1.14357113838196,-0.464788287878037,-0.946677446365356,-0.0920670628547668,-0.466155201196671,-1.21037220954895,-1.03056609630585,-1.21910631656647,-0.361719638109207,-0.931559205055237
O43818,-0.300975799560547,-0.341826617717743,-1.32761359214783,-1.2437459230423,-0.421157896518707,-0.984524428844452,-1.3524352312088,-1.02388203144073,-0.0195280350744724,-0.470492362976074,-1.52122259140015,-1.55995655059814,-0.976634740829468,-1.26644086837769,-0.733043789863586,-0.939138352870941,-0.225327372550964,-1.0880206823349,-0.538358271121979,0.538374543190002,-0.45209401845932,-0.324290901422501,-0.112986288964748,-0.503503620624542,-1.33850276470184,-0.430420815944672,-0.216452315449715,0.0515021495521069,-0.0220396630465984,-1.31615149974823,-0.490334719419479,-0.993231952190399,-0.254312187433243,-0.486560255289078,0.514399945735931,0.0606611333787441,-0.417796611785889,-0.203822240233421,-0.548173725605011,-0.00296202069148421,-0.276727557182312
Q9Y2P8,-0.658674895763397,-0.669648766517639,-1.96005427837372,-1.7726411819458,-0.140979751944542,-0.966145575046539,-1.67704403400421,-1.16180670261383,0.169234156608582,-0.809674203395844,-1.65391004085541,-2.02376675605774,-1.15788543224335,-1.94377374649048,-0.975846230983734,-0.820315599441528,-0.257139414548874,-0.607265532016754,-0.554282307624817,-0.185023412108421,-0.463998943567276,-0.486577928066254,-0.10161729902029,-0.419354945421219,-1.25454223155975,-1.08551716804504,-0.262383669614792,-0.101061187684536,0.154849320650101,-1.74114811420441,-0.467520445585251,-1.08298718929291,-0.104191616177559,-0.682806372642517,0.366553336381912,-0.0417647063732147,-0.934553444385529,-0.607450366020203,-0.665216386318207,0.130196958780289,-0.535057842731476
Q9BWE0;Q9BWE0-4,NaN,NaN,-0.48412498831749,-1.17347204685211,0.235895410180092,NaN,-1.06081366539001,-0.605181694030762,NaN,-0.753688991069794,-0.99751740694046,NaN,-0.59046858549118,-0.86109858751297,NaN,-0.702810227870941,0.78617787361145,-0.330888986587524,-0.462470501661301,-0.0219954065978527,-0.150381550192833,-0.714145123958588,0.623682141304016,0.142962098121643,-0.820974886417389,NaN,0.446240156888962,-0.0520319640636444,0.0863279551267624,NaN,NaN,NaN,-0.523154020309448,NaN,-0.205474987626076,1.01305782794952,NaN,-0.47994202375412,NaN,0.271946310997009,NaN
Q9UNX4,-0.656591534614563,-0.650017321109772,-2.03697037696838,-1.54612600803375,-0.303162485361099,-0.956273019313812,-1.90284562110901,-1.33053612709045,-0.0636814162135124,-0.715731263160706,-1.67840802669525,-1.78888642787933,-1.36666429042816,-1.86722767353058,-0.876335918903351,-1.00675857067108,-0.463387727737427,-0.802569270133972,-0.598645150661469,0.189004749059677,-0.566702365875244,-0.323131293058395,-0.117271743714809,-0.546414852142334,-1.5325403213501,-0.922215104103088,-0.498345851898193,-0.0240605566650629,0.0259021241217852,-1.54460775852203,-0.519537925720215,-1.41465377807617,-0.201650306582451,-0.871841311454773,0.125012889504433,-0.166984781622887,-0.687262833118439,-0.589379966259003,-0.913823962211609,-0.0409901477396488,-0.66821700334549
Q8WUK0,0.196393474936485,0.236591443419456,-0.455751866102219,-0.363023191690445,0.602000296115875,-0.49437952041626,-1.4068820476532,-0.398211449384689,0.673049867153168,-0.254057168960571,-0.632950723171234,-0.664663374423981,-0.669606387615204,-0.670461118221283,-0.182324677705765,-0.166796207427979,0.518255412578583,-0.600376069545746,0.469690203666687,1.0456246137619,-0.201742187142372,0.377662479877472,0.477781355381012,-0.130741655826569,-0.299646764993668,0.369286328554153,0.810545027256012,0.729439795017242,1.06433928012848,-0.0165727436542511,0.146611899137497,-0.993796229362488,1.62178242206573,0.110745936632156,0.504772067070007,0.443838447332382,0.0247965976595879,0.113280050456524,-0.0216437373310328,0.213339641690254,0.42225170135498
P23141-3,-4.49602746963501,-2.86492943763733,-0.0605682283639908,-4.04944133758545,-1.49151074886322,-3.3973605632782,1.52237224578857,-5.71641206741333,-3.86974573135376,0.671021163463593,-0.0543621182441711,-0.532091677188873,-2.37457251548767,0.456137925386429,-3.43951368331909,-5.82172393798828,-5.02618789672852,-5.40450143814087,-7.45333385467529,-2.467689037323,-6.56991243362427,-0.435253500938416,-7.54328870773315,-5.90747451782227,-3.75989174842834,-4.98149490356445,-6.38337755203247,-3.61830401420593,-6.21218204498291,-0.0923939719796181,-4.76630163192749,1.08699631690979,-6.60382175445557,-3.03236222267151,-5.2013840675354,-1.76284492015839,-1.48726046085358,-3.87246704101563,-6.07822036743164,-2.71330451965332,-6.87415456771851
Q9Y4C8,-0.231538534164429,-0.319335877895355,-1.53321075439453,-1.08827435970306,0.13338004052639,-0.0311257131397724,-1.21151995658875,-0.826374232769012,-0.270550638437271,-0.833610534667969,-1.04091286659241,-1.19339632987976,-0.751723885536194,-1.25332546234131,-0.629906713962555,-1.10958540439606,-0.481554120779037,-0.196018233895302,0.148759737610817,0.463828414678574,-0.415910243988037,-0.016231955960393,-0.349427551031113,0.0470141991972923,-1.17053020000458,-0.569629848003387,-0.199311301112175,0.357307076454163,0.625640690326691,-0.931052565574646,-0.586373865604401,-0.556807637214661,0.0624379962682724,-0.388374537229538,0.217417374253273,0.0103499908000231,-0.374069511890411,0.179027587175369,-0.757701754570007,0.220494151115417,-0.182953596115112
Q9NY93;Q9NY93-2,-0.759894371032715,-0.68006706237793,-1.81551802158356,-1.38600552082062,-0.385923534631729,-1.07310581207275,-1.4651153087616,-1.26590204238892,-0.137309357523918,-0.825627326965332,-1.57026982307434,-1.57369577884674,-1.33187627792358,-1.90804123878479,-0.794439435005188,-0.914954304695129,-0.493135690689087,-0.696938872337341,-0.774646818637848,0.137908115983009,-0.45128145813942,-0.256752818822861,-0.114644534885883,-0.318584084510803,-1.75808072090149,-1.1716890335083,-0.429908484220505,-0.00641503464430571,-0.135231405496597,-1.72680974006653,-0.508715689182281,-1.0825582742691,-0.107628211379051,-0.993966639041901,0.0346786417067051,-0.150300770998001,-0.682055950164795,-0.819439709186554,-1.23747706413269,-0.206378698348999,-0.55720579624176
Q13643,NaN,0.415171772241592,NaN,NaN,0.928156077861786,NaN,0.470343708992004,NaN,NaN,NaN,0.665175914764404,0.545698225498199,NaN,NaN,NaN,1.59610986709595,NaN,NaN,2.1782808303833,0.475502520799637,NaN,NaN,1.49484968185425,NaN,NaN,NaN,NaN,NaN,NaN,NaN,1.5704482793808,0.999823153018951,NaN,NaN,NaN,NaN,NaN,1.25332534313202,NaN,NaN,1.31695163249969
Q9BQ69,0.771600186824799,-0.676532030105591,-1.80727231502533,-1.43023335933685,-0.847568333148956,0.546131134033203,-3.60603857040405,-1.52303695678711,0.319713056087494,-0.157662943005562,-2.0044572353363,-3.17995309829712,-0.411017835140228,-2.09102654457092,-2.4584276676178,-0.0996276289224625,0.172935783863068,-2.12948036193848,0.72569739818573,0.576025128364563,0.199525624513626,-0.0730298906564713,1.35481870174408,-1.23810744285584,-1.0809246301651,-0.50438529253006,0.363760948181152,1.21828711032867,1.74795269966125,-0.491118252277374,-0.101291745901108,-2.07388877868652,2.15895843505859,-0.422422766685486,-0.291864484548569,0.111657738685608,-0.77413684129715,0.744664907455444,0.254642933607101,-0.0209366790950298,1.27325403690338
P42696;P42696-2,-0.83930242061615,-0.344490081071854,-2.17650032043457,-1.82365620136261,0.382561981678009,-0.981641232967377,-1.4651153087616,-1.76236307621002,-0.0881362408399582,-0.887401878833771,-2.076735496521,-1.36631047725677,-1.51712155342102,-1.93587565422058,-0.77029812335968,-0.707558929920197,-0.224002957344055,-0.172350987792015,-0.314322531223297,0.22227269411087,-0.334240704774857,-0.552972674369812,0.386334091424942,-0.0392156913876534,-1.72813975811005,-0.986813247203827,-0.274427771568298,0.476117372512817,0.299224197864532,-1.65731000900269,-0.806604325771332,-1.39037072658539,-0.19198240339756,-0.837531089782715,0.121341243386269,-0.00286122667603195,-1.0402113199234,-0.439947217702866,-0.756621479988098,0.00110534415580332,-0.352288097143173
Q12788,-0.707267284393311,-0.720518946647644,-1.84503030776978,-1.44714713096619,-0.316416591405869,-0.931741774082184,-1.83203160762787,-1.34534633159637,-0.0845449641346931,-0.769590258598328,-1.64345586299896,-2.0381908416748,-1.41018652915955,-1.91296935081482,-0.955144643783569,-1.02664661407471,-0.483656674623489,-0.850768983364105,-0.703260898590088,0.100345104932785,-0.631912589073181,-0.324073553085327,-0.142392635345459,-0.654738903045654,-1.66256558895111,-0.931728661060333,-0.514571726322174,-0.0254901926964521,0.0152022931724787,-1.54018759727478,-0.537051856517792,-1.43851590156555,-0.250777125358582,-0.874078989028931,0.158744975924492,-0.114039897918701,-0.717931389808655,-0.697468459606171,-0.940375864505768,-0.0698394924402237,-0.761711835861206
P17655;P17655-2,0.59553188085556,0.487352252006531,1.77282989025116,1.65702223777771,0.579542994499207,1.44087660312653,2.5972306728363,2.54336977005005,1.5676646232605,2.04121398925781,1.91013646125793,1.49782049655914,1.49901342391968,1.79868543148041,0.770723760128021,2.18317103385925,1.15138947963715,0.743858337402344,-0.509562611579895,-0.669102549552917,0.503474473953247,-0.00418179901316762,-0.427557587623596,0.932920694351196,2.08226990699768,2.36923360824585,1.0097496509552,0.304302841424942,-1.38006854057312,1.71640968322754,1.97151374816895,2.0889847278595,-1.21981608867645,-0.218394368886948,0.119684621691704,1.30763232707977,1.65888178348541,1.22461187839508,0.512874007225037,-0.158025965094566,0.144711390137672
Q9NYH9,-0.60539585351944,-0.734994232654572,-1.74764931201935,-1.4536212682724,-0.307731240987778,-1.00388050079346,-2.04949164390564,-1.35851526260376,0.118664875626564,-0.779981970787048,-1.50970959663391,-1.84697353839874,-1.31767094135284,-1.84158718585968,-0.981419682502747,-0.927436649799347,-0.54354453086853,-0.863120019435883,-0.584478974342346,0.0736299976706505,-0.672837555408478,-0.328916072845459,0.0623162128031254,-0.576364696025848,-1.71249651908875,-0.960826992988586,-0.396274089813232,-0.0488600619137287,-0.0611924827098846,-1.59871971607208,-0.594278395175934,-1.25353014469147,-0.1650210916996,-0.739104807376862,0.270591974258423,-0.0635683313012123,-0.807752430438995,-0.601953387260437,-0.857473790645599,-0.0396271124482155,-0.460342466831207
Q9NW13;Q9NW13-2,-0.300011545419693,-0.367082804441452,-1.31413865089417,-1.35471558570862,0.164654538035393,-0.764313876628876,-1.17417848110199,-0.944747447967529,0.234898552298546,-0.383998394012451,-1.5274430513382,-1.38471806049347,-1.10765254497528,-1.3656941652298,-0.769283771514893,-0.500467479228973,0.0702226012945175,-0.244399160146713,-0.368118047714233,0.397656202316284,0.0087782209739089,-0.196538656949997,0.30379393696785,-0.0588599182665348,-1.57470083236694,-0.922956168651581,-0.19122277200222,0.306970059871674,0.23764431476593,-1.32630109786987,-0.0432934053242207,-1.06119453907013,0.0302524548023939,-0.487677097320557,0.375659734010696,0.413578033447266,-0.505759596824646,-0.288689494132996,-0.712185144424438,0.249244228005409,-0.303471446037292
O15213,-0.49483323097229,-0.45502632856369,-1.44572150707245,-1.29697918891907,0.125406131148338,-0.720170974731445,-1.77676510810852,-1.07740807533264,-0.0508039221167564,-0.814107239246368,-1.78166663646698,-1.70181465148926,-1.27749979496002,-1.61234664916992,-0.925481677055359,-0.915773630142212,-0.344174593687058,-0.539227664470673,-0.411498993635178,0.312302827835083,-0.459040611982346,-0.138451606035233,0.124949216842651,-0.363101303577423,-1.73477864265442,-0.873271405696869,-0.331104874610901,0.123100444674492,-0.0143966674804688,-1.47864377498627,-0.528740584850311,-1.1380740404129,-0.0808805376291275,-0.591236293315887,0.652213573455811,0.0454999580979347,-0.534259855747223,-0.593818664550781,-0.650963842868805,0.12989653646946,-0.451562434434891
Q99848,-0.976109027862549,-0.851048111915588,-2.01862978935242,-1.98104155063629,-0.298162966966629,-1.27275168895721,-2.02071070671082,-1.6744396686554,-0.177524223923683,-0.838423609733582,-2.18505096435547,-2.25984764099121,-1.68180418014526,-2.07944059371948,-1.49390280246735,-1.10832726955414,-0.566065907478333,-0.917861878871918,-1.08627128601074,-0.243710324168205,-0.578039586544037,-0.552394568920136,-0.267975181341171,-0.608014941215515,-1.71293199062347,-1.65237784385681,-0.418928325176239,-0.284095227718353,-0.297155976295471,-2.2634162902832,-0.75109988451004,-1.63249146938324,-0.211372897028923,-0.590407967567444,0.235481277108192,-0.584186613559723,-1.24044609069824,-1.04991662502289,-0.958469271659851,-0.156662166118622,-0.932464420795441
Q9NUL7,-0.70488440990448,-0.547350347042084,-0.948695302009583,-0.984303057193756,-0.0478175841271877,-0.496513903141022,-1.01112413406372,-1.01470863819122,0.747084379196167,-1.10012316703796,-1.21968233585358,-1.29503619670868,-1.00593614578247,-0.636391758918762,-0.720316469669342,-1.12948966026306,-0.110883675515652,-0.389400660991669,0.311532527208328,0.810987949371338,-0.484688937664032,0.0622808188199997,0.295028656721115,0.140138015151024,-1.19092011451721,-0.271939933300018,-0.105525225400925,0.197578594088554,0.287507742643356,-1.17182528972626,0.183614864945412,-0.962831914424896,0.262526154518127,-0.484813004732132,0.221322536468506,0.0320682562887669,-0.526004791259766,-0.123174779117107,-0.691526293754578,0.121517606079578,-0.541151463985443
Q9BR76,-1.12335240840912,0.141730666160584,0.652721703052521,0.899776041507721,-0.437272906303406,0.36298394203186,0.861610352993011,0.533655881881714,-0.63493412733078,0.622538268566132,0.383633106946945,0.908350765705109,0.322551608085632,0.557296812534332,0.697430908679962,0.505667150020599,-0.342955559492111,-0.0632897168397903,0.627745866775513,-0.575319409370422,0.104235418140888,-0.818849980831146,-0.646816968917847,-0.430364459753037,0.524887144565582,-0.170651540160179,-0.394872903823853,-1.65141046047211,-1.2524870634079,0.323932975530624,-0.0614628456532955,1.12569642066956,-0.77477890253067,-0.471587210893631,-0.570684313774109,-0.812664747238159,0.0887486115098,-0.512547075748444,-0.744775176048279,-1.25368440151215,0.277246624231339
P11117,1.93989455699921,1.26507914066315,1.11249220371246,1.35702526569366,NaN,1.23088192939758,1.00801181793213,1.25601887702942,NaN,1.00910878181458,0.943680167198181,1.00892543792725,0.910743832588196,0.281718909740448,2.2412486076355,NaN,0.334054410457611,NaN,0.510612547397614,0.190780237317085,0.285477757453918,1.41722321510315,-0.853601038455963,1.50262212753296,-0.450089365243912,0.535744905471802,-0.493631839752197,0.0912877917289734,-0.0488792583346367,0.655158936977386,0.375970780849457,0.951644718647003,-0.409652382135391,1.33848941326141,2.00255751609802,NaN,1.08929002285004,0.70582789182663,NaN,2.06126070022583,-0.368219375610352
O00566,-0.265738964080811,-0.450333386659622,-1.78538918495178,-1.42521524429321,0.132718741893768,-0.563021302223206,-1.58630931377411,-1.11614668369293,0.0739974454045296,-0.77175509929657,-1.23068118095398,-1.61087906360626,-1.0728565454483,-1.68444037437439,-0.991541385650635,-0.76878958940506,-0.2424336373806,-0.548132598400116,-0.498159676790237,0.0339827500283718,-0.303243517875671,-0.33042910695076,0.000438425631728023,-0.330940186977386,-0.972861111164093,-0.753521502017975,-0.179441899061203,0.257454961538315,0.151527911424637,-1.48745954036713,-0.28149601817131,-1.18369996547699,-0.00106436770875007,-0.568980693817139,0.766945600509644,0.0520378164947033,-0.790548384189606,-0.710876405239105,-0.474012166261673,0.29373562335968,-0.367957353591919
Q70UQ0-4,-1.75782871246338,-0.383571177721024,0.145951688289642,0.0828552916646004,-2.04378890991211,-0.374407231807709,1.08836770057678,0.73609322309494,-0.652074217796326,0.270289391279221,0.292476505041122,-0.225086390972137,-1.09357452392578,0.233207985758781,-0.254478096961975,-1.39438664913177,-2.00914192199707,-1.73238611221313,-2.18541431427002,-0.405944675207138,-2.2175657749176,-0.198918879032135,-2.91758394241333,-1.04081451892853,-0.223677307367325,0.675023376941681,-2.4206109046936,-1.38531672954559,-2.37953281402588,-0.386284291744232,-1.27559888362885,-1.18774342536926,-1.8173840045929,-0.571575939655304,-0.923305749893188,-0.99601423740387,1.19263434410095,0.109176233410835,-1.22861444950104,-0.982926607131958,-3.01429295539856
Q8N2F6-4;Q8N2F6-2;Q8N2F6-6;Q8N2F6-5,0.992956519126892,0.669055700302124,0.516969621181488,0.0300648808479309,-0.562648832798004,0.165842786431313,-0.922157049179077,0.0509978123009205,1.27864110469818,0.990974366664886,0.159896165132523,-0.121898472309113,0.565573751926422,0.0792768448591232,0.820814490318298,0.630229711532593,1.0666983127594,0.525229394435883,0.962299287319183,1.76774930953979,0.920802116394043,1.18975734710693,1.19421994686127,0.680108547210693,0.0378274917602539,0.858788967132568,0.468963116407394,0.855304598808289,0.820124566555023,0.486808776855469,1.2322164773941,0.110092580318451,1.13809418678284,0.814785242080688,1.35432708263397,1.59621644020081,0.659107744693756,0.75774085521698,0.536373555660248,0.886657118797302,1.20478057861328
P29466-2;P29466;P29466-3;P29466-4,0.719567120075226,0.725513815879822,1.03588914871216,2.46196627616882,1.55450165271759,0.849867165088654,2.00787281990051,2.25469517707825,0.381553769111633,0.857485771179199,2.22453117370605,1.9276237487793,2.15210247039795,1.7733029127121,1.38236844539642,2.03193140029907,1.02689218521118,-0.342464447021484,0.712428390979767,-0.266948670148849,2.08836030960083,-0.984877824783325,1.03146398067474,0.629566431045532,2.29273700714111,1.0955183506012,0.483722746372223,-0.94944828748703,-0.467075645923615,2.29693102836609,1.58309328556061,2.00990605354309,-0.450094789266586,-0.624071955680847,0.0294023659080267,1.10626149177551,0.941031217575073,1.06662440299988,0.800043284893036,-0.847507357597351,1.04454302787781
Q9NVP1,-0.662455379962921,-0.592629492282867,-1.63387215137482,-1.61673128604889,-0.577839374542236,-1.250732421875,-1.83158838748932,-1.34654772281647,-0.356203407049179,-0.818603277206421,-1.63851451873779,-1.94595527648926,-1.48067259788513,-1.78859734535217,-1.29229378700256,-0.990572512149811,-0.860881268978119,-1.52239978313446,-0.796208262443542,-0.136331275105476,-0.721769154071808,-0.499454379081726,-0.7100750207901,-0.424271672964096,-1.54488384723663,-1.02975261211395,-0.533835887908936,-0.197098046541214,-0.0678358003497124,-1.68053889274597,-0.827415287494659,-1.69581007957459,-0.361765950918198,-0.650980949401855,-0.247335106134415,-0.338820546865463,-0.977534949779511,-0.6801478266716,-0.825162589550018,-0.0591782480478287,-0.943376243114471
Q9H583,-0.817871272563934,-0.668558359146118,-1.83537375926971,-1.49527788162231,-0.314903616905212,-1.11632573604584,-1.8055305480957,-1.33287918567657,-0.0512945987284184,-0.79605096578598,-1.65020966529846,-1.87061631679535,-1.44448029994965,-1.83751833438873,-1.10038447380066,-1.23525476455688,-0.59306412935257,-1.04263710975647,-0.77488648891449,0.101715005934238,-0.67123818397522,-0.403939127922058,-0.256538927555084,-0.559756100177765,-1.61726355552673,-0.997792780399323,-0.579730033874512,0.0119457729160786,-0.0955693870782852,-1.69805538654327,-0.723425149917603,-1.39889025688171,-0.260990411043167,-0.860988199710846,0.197750970721245,-0.186821654438972,-0.752760827541351,-0.650087237358093,-1.0503990650177,-0.0323658660054207,-0.669937789440155
Q5VYS8-6;Q5VYS8;Q5VYS8-4,0.120982080698013,0.400722920894623,1.15258467197418,0.381241619586945,0.499245434999466,0.869070529937744,1.28919196128845,0.809829652309418,0.127960100769997,0.231551676988602,0.931505024433136,0.220390379428864,0.80868399143219,0.82838636636734,0.859504282474518,0.641646146774292,-0.0256919916719198,-0.180532947182655,-0.391303151845932,-0.402324140071869,0.0412111394107342,0.363169759511948,0.357153207063675,-0.233463749289513,0.936982810497284,0.290004462003708,0.573266744613647,-0.184300541877747,-0.093041755259037,0.639220952987671,0.928843975067139,0.757933437824249,-0.42629998922348,0.759121358394623,0.492248773574829,-0.0340996123850346,1.10371649265289,0.0888470262289047,-1.00864708423615,-0.0437096022069454,0.48795810341835
P48449;P48449-3;P48449-2,-1.70747125148773,-1.28313565254211,-2.07216954231262,-1.42656600475311,-1.98121166229248,-0.601757228374481,-2.78649187088013,-1.79730117321014,-1.64773643016815,-1.84216225147247,-2.15419769287109,-1.98918926715851,-1.21193671226501,-1.87635350227356,-1.38747584819794,-2.81032252311707,-1.11373841762543,-0.85545140504837,-0.719814300537109,-0.486942708492279,-1.18054103851318,-0.63433825969696,-0.595943808555603,-0.952702879905701,-1.82284724712372,-0.893601477146149,-1.24631857872009,-0.21810457110405,-0.306556314229965,-2.0260636806488,-2.67494344711304,-1.30365598201752,-0.760642647743225,-0.554336726665497,-0.620082378387451,-1.79616141319275,-1.17643427848816,-2.331209897995,-1.48226356506348,-0.201441615819931,-0.777119636535645
Q8IY81,-1.140949010849,-1.08004605770111,-2.74603819847107,-1.91678941249847,-0.141441240906715,-2.08320689201355,-1.55818355083466,-1.05311012268066,-0.0902839154005051,-0.760976731777191,-1.84924471378326,-2.14550375938416,-1.55617606639862,-2.10482668876648,-1.30899059772491,-0.882102906703949,-0.581747353076935,-1.09417462348938,-0.782898902893066,-0.284934759140015,-0.846337854862213,-0.588072955608368,-0.185769632458687,-0.625709295272827,-1.81930232048035,-1.59828019142151,-0.0943325236439705,-0.340631306171417,0.00526899518445134,-2.07849955558777,-0.67828494310379,-1.57424831390381,-0.127322345972061,-0.466907382011414,0.242641344666481,-0.10222053527832,-1.25753307342529,-1.01064574718475,-1.06923794746399,-0.406895220279694,-0.810126483440399
A4D1E9;A4D1E9-2,-0.497895479202271,NaN,-1.29868030548096,-1.50718951225281,-1.0303453207016,-0.36259800195694,NaN,-1.53486943244934,0.373423904180527,NaN,NaN,NaN,-1.35885715484619,-1.45127236843109,NaN,NaN,-0.285472095012665,0.181859508156776,0.0262891314923763,0.437908113002777,-0.469858169555664,NaN,-0.211719557642937,NaN,NaN,-0.887738823890686,-0.179315999150276,0.284661889076233,0.296121329069138,NaN,-0.175248295068741,-0.836136639118195,0.655271828174591,-0.307536870241165,0.0483745820820332,-0.148369431495667,-0.874352812767029,-0.29069060087204,NaN,0.0704366341233253,0.381245642900467
Q9BYG3,-0.784262597560883,-0.687249660491943,-2.06159019470215,-1.62520587444305,-0.405264407396317,-0.913387298583984,-1.82305860519409,-1.38876307010651,-0.0948173776268959,-0.908637702465057,-1.91478180885315,-2.02314114570618,-1.66943418979645,-2.05119514465332,-1.11639392375946,-0.703470587730408,-0.424162805080414,-1.35775279998779,-0.786474227905273,-0.0155431674793363,-0.635913193225861,-0.38112011551857,-0.127957314252853,-0.372325122356415,-1.83999967575073,-1.2887305021286,-0.412234574556351,-0.061103843152523,-0.0218725018203259,-2.02002763748169,-0.520247638225555,-1.38677096366882,-0.441367566585541,-0.917885661125183,0.009383843280375,-0.254116058349609,-1.06292545795441,-0.697468459606171,-1.09972953796387,-0.144768550992012,-0.760091483592987
O75607,-3.41044235229492,-2.64128088951111,-4.02405166625977,-3.10624051094055,-1.54948902130127,-2.05338954925537,-2.24363493919373,-2.15896797180176,-1.17238163948059,-1.84936881065369,-3.13411974906921,-3.73571825027466,-3.01137542724609,-3.75711059570313,-2.63054871559143,-1.80757486820221,-1.7426221370697,-2.80395793914795,-1.32539594173431,-0.851592421531677,-2.35841703414917,-1.77981305122375,-1.30355274677277,-1.91668307781219,-3.19082903862,-2.43940877914429,-2.30394983291626,-1.42327678203583,-1.04508674144745,-3.3443877696991,-1.89647817611694,-1.6639769077301,-1.24018442630768,-1.73085677623749,-1.59884452819824,-1.19211614131927,-2.22908759117126,-2.10832738876343,-2.33471870422363,-1.68750405311584,-2.28980088233948
Q2M2I8-2;Q2M2I8,0.147627875208855,0.849821507930756,1.06633496284485,0.89400053024292,-0.174009189009666,0.00718468427658081,0.629082500934601,0.592363834381104,-0.660517930984497,0.309359669685364,1.05611670017242,0.883510112762451,0.699253857135773,1.14210319519043,0.583698689937592,0.414150178432465,0.180729553103447,1.31065118312836,-0.799164831638336,-0.908886730670929,0.127347409725189,-0.31592658162117,-0.660282075405121,0.77779221534729,0.824751794338226,0.32439199090004,-0.00598491681739688,-0.836636543273926,-0.562448680400848,0.99264007806778,0.231480643153191,0.66691917181015,-1.22596561908722,-0.372968584299088,-0.227382779121399,-0.288492769002914,0.38166818022728,0.0719045028090477,0.0325466953217983,-0.395983070135117,-0.117631889879704
Q9UMY1;Q9UMY1-2,-0.388237297534943,-0.127488940954208,-0.959231793880463,-1.00278198719025,-0.0669839605689049,-0.574381232261658,-1.05652415752411,-0.632038354873657,0.330757945775986,-0.411567717790604,-1.11675107479095,-1.48665320873261,-0.848938941955566,-1.20861506462097,-0.952627182006836,-0.570487499237061,-0.149355784058571,-0.327674627304077,-0.326252609491348,0.124257452785969,-0.437516063451767,-0.0735868141055107,0.0387015230953693,-0.245771989226341,-0.709087193012238,-0.554779767990112,0.29404279589653,0.164586737751961,0.190342247486115,-1.29380297660828,-0.214101627469063,-1.08105635643005,-0.133171781897545,0.0458534844219685,0.616488873958588,0.165914058685303,-0.600407958030701,-0.278010576963425,-0.479023516178131,0.235163122415543,-0.33136573433876
Q9BPW8,0.81520676612854,0.762987971305847,0.0883294343948364,-0.195903658866882,1.49817597866058,0.71744292974472,-0.7109454870224,-0.483348906040192,0.847763180732727,-0.00950606819242239,-0.856014370918274,-0.128249928355217,0.324722468852997,-0.370173454284668,0.760217070579529,0.0196163412183523,1.03362822532654,0.53999924659729,1.1208108663559,1.4639208316803,1.07581079006195,0.957904875278473,1.94055342674255,0.319406718015671,0.186723902821541,-0.380604922771454,0.392165541648865,1.25979793071747,2.50891542434692,0.202989608049393,0.498738080263138,-0.0858341455459595,1.77318513393402,0.896187722682953,1.17985987663269,1.0559937953949,0.457837522029877,0.819088101387024,0.92793470621109,1.22566151618958,1.22105860710144
Q52LJ0-2;Q52LJ0,1.50561583042145,1.62865912914276,0.503503561019897,0.457036882638931,1.16667938232422,0.86591625213623,0.289735317230225,0.419835776090622,0.885370790958405,0.390819013118744,0.517285227775574,0.356784403324127,0.766979277133942,0.0835769474506378,1.08753764629364,0.919006288051605,1.457559466362,1.83233571052551,0.990377128124237,0.891179084777832,1.00026190280914,0.814569115638733,1.53739356994629,1.72833180427551,0.290817618370056,1.07481610774994,1.47806346416473,1.17230224609375,1.72258913516998,0.533365786075592,1.03815722465515,0.479980528354645,1.6092483997345,0.950710952281952,1.71054637432098,1.17180216312408,0.899563670158386,1.2712414264679,1.10995137691498,1.32775735855103,1.26603865623474
O43399;O43399-5;O43399-7,-0.270666390657425,-0.580724656581879,0.483274638652802,0.840689063072205,-0.557355880737305,0.587818801403046,1.18417048454285,0.847613990306854,-0.854771375656128,-0.0617457926273346,0.82573527097702,0.941976189613342,0.540779709815979,0.667642652988434,0.45434558391571,0.168679803609848,-0.64736145734787,-0.0797557011246681,0.0927557721734047,-0.594183921813965,0.129488453269005,-0.4143306016922,-0.240765556693077,-0.562408030033112,0.691032707691193,-0.0572621785104275,-0.0707220882177353,-0.90302050113678,-1.00066292285919,0.893556475639343,-0.212238878011703,0.4049311876297,-0.473567068576813,-0.322154879570007,-0.579954564571381,-0.844868957996368,0.197953954339027,-0.430475354194641,-0.36651086807251,-1.06474661827087,-0.376448780298233
Q9H9Y2,-1.162721991539,-0.774348914623261,-2.45119094848633,-1.86529767513275,-0.370860785245895,-1.44514203071594,-1.79174184799194,-1.70457077026367,0.00994790252298117,-0.981780230998993,NaN,-2.48651194572449,-1.72166228294373,-1.73326098918915,-1.48071110248566,-0.942022740840912,-0.482771754264832,-0.690743625164032,-1.38928782939911,-0.235401153564453,-0.975580871105194,-0.586005389690399,-0.657934129238129,-0.432641953229904,-1.69765937328339,-1.38467192649841,-0.0577354766428471,-0.144868582487106,-0.206878587603569,-2.05630850791931,-0.702343761920929,-1.29446732997894,-0.236663937568665,-0.880914032459259,0.295055150985718,0.0563915371894836,-1.2386668920517,-0.866670787334442,-1.05062055587769,-0.249661177396774,-0.965234339237213
Q05209;Q05209-2;Q05209-3,-0.471930712461472,-0.0645105540752411,0.721362113952637,0.860301792621613,-0.338531166315079,0.969095885753632,0.893001139163971,0.685947239398956,-0.637042760848999,0.4358751475811,0.845373690128326,0.694980084896088,0.854745090007782,0.760992646217346,0.747241139411926,0.373831003904343,-0.343077510595322,0.398163825273514,0.411352962255478,-0.869871616363525,0.0578099340200424,-0.187293291091919,-0.313587516546249,-0.595924973487854,0.808872878551483,0.461201369762421,-0.628546118736267,-0.619567811489105,-0.893935263156891,0.86392080783844,0.0819931104779243,0.918236672878265,-0.267032086849213,-0.19038450717926,-0.304253995418549,-0.809606909751892,-0.133423045277596,0.145540207624435,0.231468096375465,-1.14950120449066,0.356312870979309
Q9Y3A2;Q9Y3A2-2,-0.245238587260246,-0.29967799782753,-1.67885804176331,-1.2576938867569,0.0395571403205395,-0.65215802192688,-1.87934267520905,-1.13627254962921,0.297866702079773,-0.608550846576691,-1.48367965221405,-1.5099949836731,-1.06835007667542,-1.72236573696136,-0.753476917743683,-0.715838670730591,-0.105353981256485,-0.617086291313171,-0.468663066625595,0.271561414003372,-0.230615437030792,-0.186297714710236,0.311902403831482,-0.186339750885963,-1.2338262796402,-0.576132833957672,-0.154552578926086,0.269945502281189,0.291090667247772,-1.35559368133545,-0.447660207748413,-1.12880396842957,0.0377654545009136,-0.72236955165863,0.483947217464447,0.053158488124609,-0.72150844335556,-0.310423076152802,-0.843276262283325,0.314830183982849,0.048272006213665
Q9NV06,-0.567439496517181,-0.631038367748261,-2.10323739051819,-1.7029025554657,-0.0779778733849525,-0.712347269058228,-1.72611892223358,-1.88753473758698,-0.127905145287514,-1.16587114334106,-1.61101615428925,-2.07189965248108,-1.38546848297119,-1.89632391929626,-1.13543438911438,-1.03803563117981,-0.580920815467834,-0.868507385253906,-0.560419499874115,0.0279877539724112,-0.697506427764893,-0.340316146612167,0.00539274234324694,-0.508421182632446,-1.8378723859787,-1.17641282081604,-0.408288240432739,-0.0547315664589405,-0.164099916815758,-1.57263791561127,-0.701321482658386,-1.37665212154388,-0.380689680576324,-1.04745936393738,0.283227384090424,-0.240197584033012,-0.70172506570816,-0.858018577098846,-0.815675497055054,-0.0123849743977189,-0.535527527332306
O75367-2,2.08080315589905,1.58425331115723,1.53963994979858,1.36380517482758,2.47311329841614,1.33781635761261,1.0260181427002,1.34375774860382,2.56467461585999,1.88523149490356,1.12860107421875,1.05224013328552,1.45850682258606,1.11423897743225,1.86826634407043,1.75059700012207,2.37167310714722,2.77290487289429,1.75423920154572,1.92310154438019,2.16609907150269,1.8695615530014,2.48558712005615,2.1670663356781,1.01809895038605,2.27256417274475,2.14921259880066,1.80595934391022,2.23932504653931,1.30404555797577,2.18664336204529,1.20681405067444,2.1128613948822,2.01092553138733,2.63625979423523,2.65170001983643,2.12998914718628,2.51046633720398,1.98188269138336,1.94008588790894,1.92436623573303
O60287,-0.0666153281927109,-0.262128084897995,-1.72791981697083,-1.1839017868042,-0.119449622929096,-0.8968186378479,-2.18792009353638,-1.40468752384186,0.00922694895416498,-0.872908592224121,-1.20195293426514,-1.65986931324005,-0.749008774757385,-1.8354150056839,-0.444245547056198,-0.839850783348084,-0.222677305340767,-0.652357220649719,-0.751590847969055,0.637425661087036,-0.281124860048294,0.0622415319085121,0.122766874730587,-0.168439790606499,-1.53905308246613,-0.564617812633514,-0.0623971708118916,0.177886426448822,0.356471598148346,-1.34195399284363,-0.647042572498322,-1.72105860710144,0.46384534239769,-0.589897871017456,0.264969706535339,0.191834330558777,-0.437693655490875,-0.133067026734352,-0.773635268211365,0.352699458599091,0.0469844825565815
P52594-2;P52594-3;P52594;P52594-4,0.479063302278519,-0.022750711068511,1.60028743743896,1.37605535984039,0.17319330573082,0.664427220821381,1.77464306354523,1.88013172149658,0.143988475203514,1.54200387001038,1.5512090921402,1.31469249725342,1.03562343120575,1.51326465606689,1.02057254314423,1.0111438035965,0.6359903216362,0.420074284076691,0.713926494121552,-1.0861382484436,0.374182254076004,0.409825026988983,0.545941174030304,0.493693917989731,1.58564400672913,1.41100633144379,0.203056693077087,-0.671759784221649,-0.390379786491394,1.43940794467926,0.953436195850372,1.69952511787415,-0.251631289720535,0.443389475345612,-0.637523472309113,-0.137327834963799,0.311574995517731,0.966667532920837,-0.246212378144264,NaN,0.204186081886292
Q9Y221;Q9Y221-2,-0.273983091115952,-0.523650467395782,-1.64189910888672,-1.44953870773315,-0.33445942401886,-0.996697723865509,-1.65074348449707,-2.71011972427368,-0.315028697252274,-0.625349044799805,-1.36929273605347,-1.52851557731628,-1.28347980976105,-1.53253829479218,-1.34379875659943,-0.974235951900482,-0.388806790113449,-0.63084203004837,-0.442441761493683,0.00844455044716597,-1.17465376853943,-0.297352612018585,-0.0976100564002991,-0.341322630643845,-0.989765882492065,-0.949034810066223,0.0469154380261898,0.196909159421921,-0.00454860273748636,-1.67132604122162,-1.17434060573578,-0.793252468109131,0.0346484147012234,-1.38129103183746,-0.278542637825012,-0.335543572902679,-0.591698110103607,-0.307215362787247,-1.34717929363251,-0.422786235809326,-0.255300134420395
Q9NZJ6,-0.0898621156811714,0.00362973054870963,NaN,-0.498585641384125,-0.651983916759491,NaN,-1.12647807598114,NaN,0.608487606048584,-0.220276221632957,-0.815742909908295,NaN,-0.519883692264557,-0.632969260215759,-0.150566548109055,0.0109976986423135,0.00261076143942773,-0.00408506020903587,0.757835924625397,1.00576722621918,-0.379791110754013,NaN,0.438286274671555,NaN,NaN,-0.481518149375916,-0.508620917797089,-0.259182035923004,1.14519596099854,-0.533175528049469,-0.117991022765636,NaN,1.03532707691193,NaN,NaN,0.432016342878342,0.413323253393173,0.636543214321136,NaN,NaN,0.326410859823227
Q9BQ39,-0.994552791118622,-0.501733303070068,-1.61365687847137,-1.67511010169983,-0.640631973743439,-1.18884682655334,-1.32197177410126,-1.34910809993744,-0.201719000935555,-0.824240922927856,-1.43915641307831,-1.62657046318054,-1.39201426506042,-1.37358379364014,-0.964280843734741,-1.31368374824524,-0.692622840404511,-1.16052079200745,-0.581120491027832,0.28501757979393,-1.06728148460388,-0.355319231748581,-0.631981432437897,-0.308733701705933,-1.85979187488556,-0.547595918178558,-0.40914249420166,-0.214449495077133,0.176816835999489,-1.42306983470917,-1.03492712974548,-1.74381923675537,-0.223768055438995,-0.809433698654175,-0.459245949983597,-0.164192497730255,-0.52836811542511,-0.327205896377563,-1.13393020629883,-0.158440634608269,-0.880172967910767
P08758,-1.90134012699127,-0.0635524764657021,1.8529292345047,1.52765369415283,0.150516465306282,-0.698595583438873,1.5896167755127,1.78118526935577,0.0379495248198509,2.05451989173889,1.01520204544067,1.35133004188538,0.943966269493103,1.44321191310883,0.452259540557861,0.917306363582611,-1.14701163768768,-0.808902680873871,-0.0887624099850655,-1.07738173007965,0.423811972141266,0.566655158996582,-3.61731123924255,0.412232786417007,1.34738886356354,0.339579731225967,-0.66242253780365,-2.1150164604187,-2.65223550796509,0.474389433860779,1.09734523296356,1.39104199409485,-4.22791433334351,-0.456271022558212,-2.12660384178162,-0.168892309069633,1.68626940250397,0.492253392934799,0.964879989624023,-0.495412588119507,-3.65874576568604
Q15269,-0.68512374162674,-0.589994072914124,-1.5084216594696,-1.35089600086212,-0.203401103615761,-0.844691038131714,-1.80938911437988,-1.20143938064575,-0.0433229357004166,-0.659899473190308,-1.53844451904297,-1.79882752895355,-1.40785038471222,-1.7764219045639,-0.988643646240234,-0.966749370098114,-0.493575036525726,-0.932904064655304,-0.747087836265564,0.114347621798515,-0.581232309341431,-0.281987398862839,-0.111246377229691,-0.583818554878235,-1.62946724891663,-0.919711589813232,-0.447049766778946,0.0486647859215736,-0.0348198562860489,-1.5994530916214,-0.538175761699677,-1.45167171955109,-0.11428464949131,-0.64837908744812,0.125421538949013,0.0251775421202183,-0.670125782489777,-0.394491940736771,-0.830654323101044,-0.117050029337406,-0.636687159538269
O00602,NaN,NaN,2.45143246650696,2.76820278167725,4.9708776473999,NaN,3.09913015365601,2.75707316398621,NaN,3.72990822792053,2.53265523910522,2.9215075969696,2.83087491989136,3.50827383995056,3.62687706947327,NaN,NaN,NaN,NaN,NaN,4.6151442527771,3.80204629898071,NaN,NaN,3.87601470947266,3.49315667152405,NaN,NaN,NaN,3.92726540565491,NaN,3.98088669776917,NaN,5.15897130966187,NaN,NaN,3.82782602310181,3.83639430999756,6.10315799713135,NaN,NaN
P51649;P51649-2,1.95884120464325,1.62666368484497,-0.648521780967712,-0.82593297958374,2.62148427963257,0.816136240959167,-1.08559226989746,-1.34926795959473,1.43546366691589,-0.461855977773666,-0.2925144135952,0.176880642771721,0.848853528499603,-0.662292122840881,1.58724653720856,0.243123888969421,1.51637053489685,2.67760682106018,2.15367937088013,2.66222763061523,1.6404355764389,1.93920934200287,2.48490309715271,1.69413876533508,-0.574238657951355,0.100732572376728,1.50920557975769,2.53409600257874,2.68367767333984,0.455505132675171,0.775298476219177,-1.37157070636749,2.89489340782166,1.22252249717712,2.50223731994629,1.80105197429657,1.29845070838928,1.91506850719452,1.77626919746399,1.45547068119049,2.50107717514038
O76021;O76021-2,-0.625080585479736,-0.538314580917358,-1.545942902565,-1.40352880954742,-0.146814450621605,-0.882830858230591,-1.74388337135315,-1.3325560092926,-0.124854952096939,-0.512283861637115,-1.53222119808197,-1.78750002384186,-1.30985724925995,-1.4112811088562,-1.0634241104126,-0.916241586208344,-0.568361282348633,-0.814352333545685,-0.742694973945618,0.136040195822716,-0.546704590320587,-0.291458964347839,-0.0395470894873142,-0.519520044326782,-1.39374339580536,-0.975755274295807,-0.476650595664978,-0.0782466158270836,-0.27414870262146,-1.44758450984955,-0.774667382240295,-1.02333331108093,-0.234317362308502,-0.669921278953552,0.320015072822571,-0.278030514717102,-0.71651691198349,-0.660499274730682,-0.912933349609375,0.0019020161125809,-0.521613240242004
Q92506,0.679390132427216,0.675708055496216,0.371141761541367,0.113091453909874,1.94984233379364,0.726106226444244,-0.0993315801024437,0.166669860482216,1.90331280231476,0.753467082977295,-0.653012275695801,0.168696820735931,0.832980632781982,0.224986150860786,0.955397725105286,0.77729594707489,2.14448857307434,2.03384208679199,1.65365898609161,1.72346568107605,1.88572251796722,1.11131107807159,2.18171358108521,1.7418349981308,0.357493996620178,-0.130677744746208,0.189037099480629,1.28082180023193,1.98403179645538,-0.0545561239123344,1.69396722316742,0.599491775035858,2.10553789138794,1.32786333560944,1.69947922229767,1.67900502681732,0.495510339736938,0.619320809841156,1.3578394651413,0.717133939266205,1.4978609085083
Q92947;Q92947-2,0.103543676435947,0.72626131772995,0.0973180532455444,-0.166533067822456,1.13750612735748,0.0601014010608196,-0.214641585946083,0.109382919967175,1.26741945743561,0.770650446414948,-0.230684712529182,-0.425002753734589,0.0955062061548233,0.0585547089576721,0.021159203723073,0.642470359802246,1.2293815612793,0.42604985833168,0.934908390045166,1.3713093996048,0.735039472579956,0.728473484516144,0.8406001329422,0.888500928878784,-0.00779543910175562,0.0899834558367729,0.0980037078261375,1.04288804531097,0.95334666967392,-0.262316524982452,1.07752418518066,-0.0841627418994904,0.990258574485779,0.724481761455536,0.816433310508728,1.43579435348511,0.592472016811371,0.556415975093842,0.582676112651825,1.0412939786911,0.741289556026459
Q13601;Q13601-2,-0.646607398986816,-0.70551609992981,-1.88190805912018,-1.78415322303772,0.138281956315041,-0.242590695619583,-1.81207680702209,-1.15965664386749,-0.220843881368637,-0.799587428569794,-1.8901287317276,-1.78948676586151,-1.39027154445648,-1.75498378276825,-1.07783496379852,-1.1255476474762,-0.35510066151619,0.0705308020114899,-0.417881280183792,-0.319279104471207,-0.360159307718277,-0.55002099275589,-0.175388142466545,0.256215631961823,-1.1900155544281,-1.24099731445313,0.252795368432999,0.389969795942307,0.504692852497101,-2.10714769363403,-0.501415312290192,-1.22865688800812,-0.0487104803323746,-0.522645711898804,0.350265681743622,-0.179559156298637,-1.31708955764771,-0.877411603927612,-0.8549485206604,-0.1111194267869,-0.868326306343079
Q13206,-1.04286098480225,-0.763368964195251,-2.16231250762939,-1.90338456630707,-0.638508200645447,-0.816241502761841,-1.88910412788391,-1.49911510944366,-0.152161911129951,-1.12045764923096,-2.05748677253723,-2.13727307319641,-1.61295390129089,-1.83889019489288,-1.27941417694092,-1.49619579315186,-0.619262337684631,-1.27158999443054,-0.696995496749878,0.236195102334023,-0.931736707687378,-0.606384038925171,-0.462388038635254,-0.502887547016144,-1.89576768875122,-1.40331554412842,-0.863959789276123,-0.255615293979645,-0.0564685501158237,-1.85350275039673,-1.01647293567657,-1.65333843231201,-0.678100943565369,-0.942989468574524,-0.403178483247757,-0.422961980104446,-1.02173566818237,-0.791019916534424,-0.768105030059814,-0.396027714014053,-0.578922867774963
Q9NV31,-0.552468299865723,-0.482723504304886,-1.77998828887939,-1.39984405040741,0.0674330741167068,-0.658941149711609,-1.42442047595978,-1.15911853313446,0.276351481676102,-0.578665614128113,-1.52733790874481,-1.94049263000488,-1.22867786884308,-1.51021075248718,-1.06292188167572,-0.74741393327713,-0.264886885881424,-0.783947229385376,-0.525481998920441,0.105872772634029,-0.44639664888382,-0.235786348581314,0.0238359142094851,-0.355077415704727,-1.54640591144562,-0.917761564254761,-0.1750298589468,0.156488329172134,0.214815780520439,-1.48466956615448,-0.393104076385498,-1.22322392463684,-0.0151731297373772,-0.504917800426483,0.358535706996918,0.386745899915695,-0.61210960149765,-0.461803048849106,-0.795902073383331,0.0637427121400833,-0.316669762134552
O95983-2;O95983,-0.180802017450333,-0.321177661418915,-2.04223132133484,-2.02420377731323,-0.21150903403759,-1.24547874927521,-1.73395073413849,-1.71094286441803,0.0865138471126556,-1.15589678287506,-1.72198641300201,-1.57745862007141,-1.38734185695648,-2.20315909385681,-0.942062318325043,-0.905916392803192,-0.187232196331024,-0.539797782897949,-0.44039648771286,0.221435338258743,-0.534793734550476,-0.265695005655289,-0.50574004650116,-0.160191476345062,-2.37380003929138,-0.776291370391846,0.159342750906944,0.495577275753021,0.696004390716553,-1.47324454784393,-0.777850925922394,-2.38421368598938,0.381584644317627,-0.953461945056915,-0.0605786740779877,-0.0704271420836449,-1.04639327526093,-0.375913292169571,-0.689359486103058,0.0753667578101158,-0.634268462657928
Q96SI9-2;Q96SI9,0.505704343318939,0.788545846939087,-0.372897654771805,-0.461367011070251,0.822426438331604,-0.232616767287254,-0.46774622797966,-0.505597293376923,1.34477853775024,0.224658772349358,-0.718326449394226,-0.59934788942337,0.128568902611732,-0.644211947917938,0.196601286530495,0.10275886952877,1.0588515996933,1.5054794549942,0.519953310489655,1.04163813591003,0.903666377067566,0.412967413663864,0.449245989322662,0.483111351728439,-1.13704693317413,0.349621742963791,1.60793077945709,1.35524392127991,1.81350660324097,-0.212068289518356,0.74119633436203,-0.511287689208984,0.777490437030792,0.0647774636745453,0.934147238731384,1.42026269435883,-0.083600141108036,1.3131799697876,0.208649978041649,0.701413810253143,0.461712151765823
P14618;P14618-3,-0.401468425989151,-0.684955835342407,-0.136181861162186,0.722563147544861,-0.739106833934784,1.30322575569153,1.65459275245667,1.19207513332367,-0.391155064105988,-0.0892263054847717,0.907823383808136,1.11057603359222,0.601019322872162,0.630127787590027,0.396261513233185,0.700696289539337,-0.261534839868546,-0.595003604888916,0.225296586751938,-1.61770904064178,0.351784199476242,-1.73470067977905,-0.0613146759569645,-0.718531608581543,1.11439001560211,-0.615378320217133,-0.114388577640057,-1.50211584568024,-1.32680654525757,0.510956466197968,0.394053429365158,1.08782041072845,-1.22556042671204,-0.529929220676422,-0.483657658100128,-0.307597488164902,-0.449865311384201,-0.953426599502563,0.840633094310761,-1.62505328655243,-0.31137689948082
P51532-3;P51532-4;P51532-5;P51532-2;P51532,-0.358636438846588,-0.350367069244385,-1.39014422893524,-0.914318144321442,0.453157395124435,-1.52877688407898,-1.10232579708099,-0.989166557788849,-0.569725155830383,-0.2730712890625,-1.42069852352142,-1.18731570243835,-1.19756281375885,-1.3982218503952,-1.05444264411926,-1.02367758750916,-0.55558580160141,-0.691933929920197,-0.088870495557785,0.0302326250821352,-0.246577978134155,-0.268607288599014,-0.27631750702858,-0.250762552022934,-1.21827876567841,-0.790783047676086,0.189037099480629,0.303223043680191,1.20093441009521,-1.15379178524017,-0.997820496559143,-1.13130855560303,0.796322584152222,-0.407024830579758,0.0106744384393096,-0.56257551908493,-0.753313004970551,-0.428323924541473,-0.445028513669968,0.142897143959999,-0.347250312566757
Q6UB35,-1.57941579818726,-1.25880241394043,-2.80742454528809,-2.04541993141174,-1.11362934112549,-1.26119017601013,-2.65082597732544,-2.55807542800903,-0.00247059389948845,-1.18595576286316,-2.38284492492676,-2.36772847175598,-2.38042235374451,-2.78753137588501,-2.76878666877747,-1.61332833766937,-0.626488983631134,-2.35022020339966,-0.831117510795593,-0.34539857506752,-1.88829684257507,-1.04841136932373,-0.754001259803772,-2.27301001548767,-2.96729588508606,-1.36280739307404,-0.956493318080902,-0.0139935621991754,-0.293105989694595,-1.93412375450134,-0.593054175376892,-2.15672183036804,-0.636607646942139,-1.53609466552734,-0.177736014127731,-0.303983628749847,-1.45930814743042,-1.37582099437714,-1.0508416891098,-0.474853098392487,-1.30002534389496
Q8TED0;Q8TED0-3;Q8TED0-2,-0.373740285634995,-0.502567708492279,-1.74964380264282,-1.50739312171936,-0.165855050086975,-1.03529357910156,-2.10701203346252,-1.26101875305176,0.0777517482638359,-0.746116876602173,-1.49605667591095,-1.75910592079163,-1.18369174003601,-1.56454765796661,-1.16532039642334,-1.14906859397888,-0.463499963283539,-0.786962807178497,-0.55113697052002,0.256150484085083,-0.719835042953491,-0.34982505440712,0.109003216028214,-0.453922837972641,-1.52528154850006,-0.795013606548309,-0.385459035634995,0.148982346057892,0.176318928599358,-1.52922296524048,-0.518543899059296,-1.31523847579956,-0.311592221260071,-0.855749845504761,0.176307573914528,-0.146137833595276,-0.61109584569931,-0.531837165355682,-1.00065624713898,0.0715722367167473,-0.567125976085663
P20810-10;P20810-6;P20810-9;P20810-7;P20810-8;P20810;P20810-4,2.47019648551941,1.44145095348358,2.4903507232666,2.27540469169617,0.975070238113403,1.69804847240448,3.19783973693848,2.3412492275238,0.446207910776138,2.19807004928589,2.81819462776184,2.13326072692871,2.34023118019104,2.44016361236572,2.11478328704834,2.09035181999207,1.28476178646088,1.5643025636673,1.13446724414825,-0.183800220489502,1.48526990413666,0.82690155506134,1.319127202034,1.82642126083374,2.41775012016296,2.85245585441589,1.7598295211792,0.745651304721832,-0.919102430343628,2.85115170478821,1.29426622390747,2.86167240142822,0.947079718112946,0.880634605884552,0.807782292366028,0.774292707443237,2.28238415718079,2.02215385437012,1.43095397949219,0.156370639801025,0.533773303031921
O95785-3;O95785-4,0.407466948032379,0.386475712060928,-0.639847636222839,-0.945269465446472,0.391296863555908,-0.121094025671482,-1.30017471313477,-0.577116906642914,0.679069995880127,-0.0937305092811584,-0.717002689838409,-0.83281010389328,-0.498456656932831,-1.04489648342133,-0.169760659337044,-0.392751723527908,0.553298711776733,0.12469083070755,0.102923341095448,0.439780473709106,0.279062449932098,0.319761425256729,0.330820381641388,0.631736278533936,-0.85995227098465,-0.0431952700018883,0.801099359989166,0.851056396961212,1.36673951148987,-0.465613961219788,0.232331603765488,-0.801964402198792,0.672097206115723,-0.676677584648132,0.722647130489349,0.672484040260315,-0.435521692037582,0.232842117547989,-0.0732549801468849,0.93881893157959,0.407289981842041
Q8TDD1;Q8TDD1-2,-1.03825426101685,-0.778673231601715,-2.19131731987,-1.98104155063629,-0.0457260571420193,-0.943187296390533,-1.59808802604675,-1.69409036636353,0.0298998709768057,-0.990872621536255,-2.0788893699646,-1.68749165534973,-1.73339867591858,-2.24643802642822,-1.51640653610229,-0.849841415882111,-0.418966740369797,-0.342903405427933,-0.666209757328033,-0.262722551822662,-0.471233367919922,-0.633004069328308,-0.185769632458687,-0.359668463468552,-1.624227643013,-2.38571810722351,-0.143231585621834,-0.159782469272614,-0.0307446196675301,-2.2869701385498,-0.588285148143768,-1.355961561203,-0.0615833923220634,-0.52824729681015,0.315300852060318,-0.0472612828016281,-1.6523871421814,-1.29240953922272,-0.590517818927765,-0.280900239944458,-1.06393051147461
P46100-4;P46100-5;P46100-2;P46100-6,0.788219451904297,0.501520872116089,-0.129095822572708,-0.460818529129028,1.03349351882935,0.360184967517853,-0.577722907066345,-0.201267659664154,1.16751754283905,0.192189440131187,-0.502734661102295,-0.290290147066116,0.0125031266361475,-0.431478679180145,0.092098779976368,0.482289165258408,0.946444630622864,0.648505687713623,0.484338521957397,0.891059100627899,0.560671150684357,0.755506694316864,0.735819399356842,0.427109092473984,-0.0413969866931438,0.148110717535019,1.17491126060486,1.10822820663452,1.61448836326599,-0.209529832005501,0.587539911270142,-0.473236978054047,1.13597691059113,0.339341074228287,1.09602892398834,1.10239279270172,0.0723830312490463,0.797106981277466,0.443362951278687,0.842360198497772,0.329623639583588
P38606;P38606-2,0.619016170501709,0.245527729392052,1.17938852310181,1.46108531951904,0.457980155944824,0.306360632181168,1.13443613052368,1.16707539558411,-0.112204626202583,1.10868573188782,1.32098293304443,1.40204119682312,1.36061799526215,1.20964872837067,0.947555720806122,1.00338566303253,0.13968200981617,0.150681912899017,0.669640243053436,-0.506685256958008,0.789076328277588,0.0116568356752396,0.51191645860672,0.171423241496086,1.35919511318207,0.907470166683197,-0.125029444694519,-0.613548994064331,-0.520235002040863,1.33684718608856,0.847247242927551,1.43308639526367,-0.100869253277779,0.522848069667816,-0.34568127989769,0.188824608922005,0.834369480609894,0.663029432296753,1.0101546049118,-0.124050408601761,0.694488704204559
Q9UKY7;Q9UKY7-2,0.285298854112625,0.00827096868306398,-0.181075662374496,0.393534034490585,-0.468763023614883,0.393581002950668,0.518018841743469,0.288587689399719,-0.649869203567505,-0.428401440382004,0.579531967639923,0.530919373035431,0.371206492185593,0.394084632396698,0.0164329688996077,0.566793084144592,-0.0546642504632473,0.267399281263351,-0.152861818671227,-1.08848237991333,-0.158618405461311,-1.17485702037811,0.0393307246267796,-0.464223235845566,0.663545429706573,-0.629324734210968,-0.407326638698578,-0.94898647069931,-0.646246790885925,0.850405275821686,0.365342915058136,0.380332410335541,-0.690017282962799,-1.21964728832245,-0.981554090976715,-0.731866240501404,-0.28893706202507,-0.769499063491821,-0.484776228666306,-0.63167542219162,0.310508131980896
Q13043;Q13043-2,0.285261183977127,0.0502233691513538,0.416609734296799,0.84994101524353,0.369799107313156,1.11773884296417,0.794671416282654,0.960618436336517,-0.408144474029541,0.173749193549156,0.950391829013824,0.911362826824188,0.829879641532898,0.907551467418671,0.496670484542847,0.726099014282227,0.435083597898483,0.619682312011719,0.559804260730743,-0.904162347316742,0.69125360250473,-0.593084633350372,0.637232482433319,-0.199718937277794,1.20557248592377,-0.150793761014938,0.0313150361180305,-0.425961047410965,-0.476481050252914,0.787149965763092,0.622548699378967,0.644317090511322,-0.275204092264175,0.121995747089386,-0.172691181302071,-0.0815042033791542,-0.197983264923096,-0.227421522140503,0.635253131389618,-0.968089163303375,0.36220982670784
Q9UI12-2;Q9UI12,0.547585964202881,0.196777924895287,1.03481209278107,1.21998000144959,0.118837982416153,-0.0037545517552644,0.973268866539001,1.03058528900146,-0.222971603274345,0.662459254264832,1.21863543987274,1.11086010932922,1.0962438583374,0.988075017929077,0.831100761890411,0.788276135921478,-0.0705273225903511,0.127830743789673,0.496620714664459,-0.574129819869995,0.724165201187134,-0.1277786642313,0.535841107368469,-0.0847617089748383,0.788983881473541,0.636452734470367,-0.164001867175102,-0.629745185375214,-0.507532179355621,1.02988708019257,0.453935652971268,1.36375749111176,-0.247599557042122,0.437752187252045,-0.502969205379486,-0.0644018426537514,0.55159205198288,0.275268256664276,0.800501823425293,-0.0751525610685349,0.600675284862518
Q96RQ3,1.05901062488556,0.446727097034454,0.340646892786026,0.0667634606361389,0.951019048690796,0.640211164951324,-0.410697102546692,-0.160278603434563,1.43003046512604,0.263880699872971,-0.225967526435852,0.121264226734638,0.570571601390839,0.120768710970879,0.715604424476624,0.710572063922882,1.23288285732269,0.863483071327209,0.868232667446136,2.045330286026,0.97146862745285,1.47075641155243,1.75233423709869,0.398782998323441,-0.491317540407181,0.123005762696266,0.6640744805336,1.26239359378815,1.17719316482544,0.035527016967535,1.13515222072601,-0.0892669036984444,2.07477807998657,0.575047969818115,1.42472994327545,1.38714385032654,0.608361065387726,1.18865990638733,0.933745682239532,0.042901948094368,1.60989248752594
Q969Z0;Q969Z0-2,-1.79053235054016,-1.5143563747406,-1.50063729286194,-1.94767439365387,-0.697769224643707,-1.27149879932404,-2.25940847396851,-1.87798070907593,-1.04499018192291,-0.586038112640381,-2.15846681594849,-2.1430287361145,-1.73403704166412,-2.12917113304138,-1.99910128116608,-1.80298936367035,-1.38154304027557,-1.94872498512268,-1.14925861358643,-0.254839092493057,-1.24542200565338,-0.695390522480011,-1.11626946926117,-1.36787641048431,-1.7945591211319,-1.56782162189484,-1.7227771282196,-0.612288594245911,-0.381473332643509,-1.53776514530182,-1.18056035041809,-1.10958671569824,-0.76904422044754,-0.898505091667175,-0.62061083316803,-1.09742617607117,-1.2035665512085,-1.03844094276428,-1.61400902271271,-0.934175133705139,-1.27231681346893
P06748;P06748-2;P06748-3,-0.637995839118958,-0.8878333568573,-1.89769160747528,-1.6472442150116,0.0809682905673981,-0.574508488178253,-1.11070430278778,-0.79381537437439,0.296684265136719,-0.493814408779144,-1.95058763027191,-1.96991276741028,-1.44003474712372,-1.75284469127655,-1.08164393901825,-0.247635081410408,-0.0828735679388046,-0.499399691820145,-0.308009594678879,-0.271710306406021,-0.131028890609741,-0.624262094497681,0.208786576986313,-0.332578837871552,-1.17045974731445,-1.55384337902069,0.199444323778152,-0.157012045383453,0.364241719245911,-1.97738862037659,-0.109958052635193,-1.00526762008667,0.200956702232361,-0.12867371737957,0.612440347671509,0.326982766389847,-1.40227246284485,-1.07459425926209,-0.214796826243401,-0.181455761194229,-0.938335835933685
Q6XQN6;Q6XQN6-3;Q6XQN6-2,0.0471867360174656,0.0512401461601257,-0.213228508830071,0.617414176464081,0.137258782982826,0.589987099170685,1.03493273258209,0.914279758930206,-0.208323910832405,-0.300930112600327,0.676713585853577,0.428137123584747,0.20794115960598,0.771989107131958,0.155508831143379,0.912763178348541,-1.16852140426636,1.02171611785889,-0.659804701805115,-1.35140538215637,1.02426421642303,-1.25694024562836,0.172216773033142,0.460329711437225,0.306858241558075,-2.63935112953186,-0.243278980255127,-1.78819501399994,-1.2744197845459,0.149905771017075,0.90089613199234,1.13449323177338,-0.377591609954834,-0.434183478355408,-1.30074524879456,0.0864118859171867,-1.92503893375397,-1.39559507369995,1.63138329982758,-0.751952946186066,-0.673802435398102
O15553;O15553-1,NaN,NaN,1.92160439491272,2.17427515983582,0.409560143947601,-1.67581152915955,1.33276188373566,2.43530559539795,NaN,2.48469471931458,1.63841044902802,1.99590170383453,1.65028846263886,2.07036900520325,1.28796899318695,1.76161968708038,-0.100236229598522,NaN,NaN,-3.19757843017578,1.03017795085907,-6.29108619689941,-5.58843326568604,-0.59573358297348,2.08842635154724,0.24043844640255,NaN,NaN,NaN,1.12477135658264,1.43254697322845,1.77254676818848,NaN,1.27285420894623,-0.146634250879288,0.779083371162415,0.683981657028198,0.98921149969101,-4.72286510467529,NaN,-2.17497110366821
Q9Y5J1,-0.672052204608917,-0.904589176177979,-1.54562997817993,-1.72598421573639,-0.210479453206062,-1.03307628631592,-2.18628406524658,-1.4234436750412,-0.0946856960654259,-0.864706099033356,-1.70807409286499,-1.97376501560211,-1.29370248317719,-2.10468482971191,-1.16610300540924,-1.12003457546234,-0.598689198493958,-1.00855886936188,-0.795497953891754,-0.0604693554341793,-0.734183669090271,-0.486022382974625,-0.365347504615784,-0.601555466651917,-1.71660435199738,-1.10300803184509,-0.495439112186432,0.0371932126581669,-0.08415537327528,-1.76241767406464,-0.511712729930878,-1.8260612487793,-0.302941650152206,-0.771800100803375,0.186262041330338,-0.290251910686493,-0.874606668949127,-0.713283658027649,-1.03743171691895,-0.131787955760956,-0.767671883106232
Q14202-2;Q14202,0.44634684920311,-0.0593520663678646,-1.31266784667969,-0.98280793428421,0.676012992858887,-0.499976634979248,-1.67809677124023,-1.27537524700165,0.68767774105072,-0.422398626804352,-1.30116808414459,-0.602681338787079,-0.640396058559418,-0.752152025699615,-0.645387947559357,-0.181640893220901,0.410857290029526,0.0742922872304916,-0.015220913104713,0.545221030712128,0.442034363746643,-0.0361628197133541,0.210490137338638,-0.0875439867377281,-0.446473151445389,-0.353945314884186,0.543113172054291,0.569539427757263,1.13216590881348,-0.905967950820923,0.395928621292114,-1.11895930767059,0.527099609375,-0.513134241104126,0.339888870716095,0.555866956710815,-0.735915780067444,0.058415275067091,-0.0246971901506186,0.298459738492966,0.212952807545662
Q5VZL5-4;Q5VZL5;Q5VZL5-2;Q5VZL5-3,0.473538368940353,0.477198988199234,-0.439220249652863,-0.744662046432495,0.536927700042725,-0.176984667778015,-0.44744285941124,-0.942602097988129,0.628724455833435,-0.181421905755997,-0.467147141695023,-0.575132369995117,-0.37286901473999,-0.409922271966934,-0.14370721578598,-0.504464328289032,0.270450085401535,0.060594417154789,0.423865169286728,0.804928839206696,0.0116981761530042,0.681987106800079,0.305390983819962,0.620350062847137,-0.837440550327301,-0.130059465765953,0.815842390060425,0.593008875846863,1.1091855764389,-0.301619619131088,-0.209355890750885,-0.0969801098108292,0.89084392786026,-0.66019082069397,0.970961272716522,0.433421164751053,0.200519919395447,0.636569797992706,NaN,0.630236148834229,0.399863243103027
O94880,0.44157949090004,0.480161845684052,-0.580477297306061,-0.698451220989227,0.819937288761139,-0.732358574867249,-0.59709095954895,-0.307102888822556,0.798122406005859,0.0519014894962311,-0.427704602479935,-0.53986269235611,-0.216499835252762,-0.661502242088318,-0.125140234827995,-0.0271152015775442,0.380231648683548,-0.0259209740906954,0.241071820259094,0.964135050773621,0.277995973825455,0.439626276493073,-0.108720779418945,0.133871704339981,-0.659499168395996,-0.114144459366798,0.765003442764282,0.917553544044495,1.32136249542236,-0.107170529663563,0.324704617261887,-0.638496100902557,1.09896111488342,-0.290905445814133,1.25774455070496,0.925960958003998,0.00628702621906996,0.615363776683807,0.336283683776855,0.804098725318909,0.312944173812866
Q15061,-0.275086998939514,-0.525124907493591,-1.80313169956207,-1.66454005241394,-0.172502279281616,-1.15486621856689,-1.67914843559265,-1.28196597099304,0.019439984112978,-0.694013774394989,-1.58417117595673,-1.50406849384308,-1.24756681919098,-1.70173716545105,-1.0860208272934,-0.924062311649323,-0.485204100608826,-0.893664300441742,-0.561644375324249,0.0705374479293823,-0.664120018482208,-0.324363350868225,-0.128194227814674,-0.514236927032471,-1.85939860343933,-0.896241843700409,-0.450577169656754,0.11094830930233,-0.0444655232131481,-1.40939497947693,-0.51099967956543,-1.29152059555054,-0.283563613891602,-0.777438580989838,0.166704177856445,-0.108737275004387,-0.766317129135132,-0.575366735458374,-0.854864358901978,0.151042029261589,-0.540683627128601
P43405;P43405-2,-0.0402700901031494,-0.16100238263607,0.731763064861298,1.000333070755,0.199241831898689,0.232239246368408,0.879463315010071,1.29108870029449,-0.39074519276619,0.433334350585938,1.33407032489777,1.16728782653809,0.916388630867004,1.18900012969971,0.754122257232666,0.764192819595337,0.250147610902786,-0.317091584205627,-0.319356024265289,-0.95735365152359,0.905052840709686,-0.625715374946594,0.352711647748947,0.0719520598649979,1.16287672519684,0.245597913861275,0.354464769363403,-1.08787751197815,-0.501037418842316,1.11960816383362,0.70681244134903,1.17024660110474,-0.722152650356293,-0.342626750469208,-0.341823130846024,0.2519890666008,0.355865150690079,-0.0409765429794788,1.03667020797729,-1.45793223381042,-0.338594406843185
O95379,1.11556804180145,0.926307439804077,0.660137534141541,0.724787056446075,1.25363969802856,0.941635549068451,0.482947468757629,1.06658065319061,0.0548358596861362,0.585861682891846,1.11398923397064,1.56184756755829,1.34067630767822,1.36237978935242,1.1314389705658,1.14217007160187,1.80623555183411,1.09372544288635,0.272511929273605,NaN,0.379129230976105,-0.370864629745483,-0.105245254933834,-0.321182638406754,1.88062024116516,-0.0599987506866455,0.505952835083008,-0.805744409561157,-0.0113939708098769,1.29087162017822,0.474036335945129,1.49083006381989,-0.338005095720291,0.260989516973495,-0.159391775727272,0.261209309101105,0.475943714380264,-0.0200240630656481,1.69481003284454,-0.348124116659164,0.604213714599609
P13674,NaN,NaN,-2.55299401283264,-2.59853672981262,NaN,-2.92582511901855,-3.49522376060486,-3.27494192123413,NaN,NaN,-1.84444534778595,-3.39626574516296,NaN,-3.53490686416626,NaN,NaN,NaN,NaN,NaN,-1.38606774806976,NaN,NaN,NaN,NaN,-2.88031792640686,NaN,NaN,NaN,NaN,NaN,NaN,NaN,-0.412459671497345,NaN,NaN,NaN,NaN,NaN,-1.78642821311951,-1.83633315563202,-1.54224050045013
Q05655;Q05655-2,-0.395602494478226,-0.0387646928429604,0.760126531124115,1.14496040344238,-0.559239864349365,0.0562755651772022,1.1635365486145,0.418533772230148,-1.0706022977829,-0.170969471335411,1.08333194255829,0.908847391605377,0.837346315383911,0.891478478908539,0.821041703224182,-0.094388835132122,-0.938355207443237,-1.63877320289612,0.768884360790253,-0.890893876552582,0.496862858533859,-0.376934081315994,-0.451548099517822,-0.207722574472427,0.671184778213501,0.535172522068024,-1.3905998468399,-1.64610517024994,-2.01971912384033,0.846551716327667,-0.386679708957672,0.993415534496307,-1.0382524728775,0.431965827941895,-0.298773616552353,-0.688840806484222,0.153116270899773,0.260941028594971,0.355441749095917,-1.03993427753448,-0.242127150297165
P30679,NaN,-0.358753681182861,-1.11115658283234,-0.820635199546814,0.609268426895142,NaN,-2.15653347969055,-0.0913962423801422,0.637837886810303,0.0893473625183105,-1.35589826107025,-0.672350287437439,-0.473069816827774,-1.63441395759583,-0.603675425052643,0.262864232063293,0.909727096557617,-0.344877392053604,0.13233245909214,0.709999918937683,0.874542355537415,0.0374288856983185,0.560838162899017,-0.189840942621231,-0.986561179161072,-0.276869475841522,0.296881020069122,-0.202474996447563,1.23856675624847,-0.944252073764801,0.907243430614471,-1.70574331283569,0.925535976886749,0.184546560049057,1.15044629573822,1.14799380302429,-0.246320366859436,0.43101367354393,-0.0177509784698486,0.189543694257736,-0.509243845939636
Q9HC21;Q9HC21-2,-1.36276614665985,-1.61944258213043,-1.22572231292725,-1.30396962165833,-0.79554408788681,-2.07061171531677,-2.34681296348572,-0.973088026046753,-0.334970921278,-0.364435642957687,-1.67911517620087,-1.84471166133881,-1.41368329524994,-1.89735209941864,-1.5803257226944,-0.845096826553345,-0.746574282646179,-1.95793545246124,-1.08018124103546,-0.10259110480547,-0.596778094768524,-0.504983842372894,-0.700092315673828,-1.59115386009216,-1.53226613998413,-0.994171142578125,-1.04421389102936,-0.269248574972153,-0.770357549190521,-1.45285177230835,-0.772950828075409,-1.44897902011871,-0.245027467608452,-0.785629570484161,-0.567715883255005,-0.420484066009521,-0.828691720962524,-0.683175444602966,-1.08221817016602,-0.615737676620483,-1.35377132892609
P13489,-1.41131544113159,-1.31959366798401,-0.073393426835537,0.464494347572327,-1.02048027515411,-1.41008615493774,0.134274259209633,0.0943461209535599,-0.977347552776337,-0.63167268037796,0.048708837479353,0.857026994228363,0.235433340072632,0.573906004428864,-0.561257660388947,0.472481787204742,-0.809455335140228,-0.567539989948273,-1.49137651920319,-1.74037063121796,-0.970691680908203,-1.73813140392303,-1.71198153495789,-0.176148727536201,0.682164788246155,-1.5365024805069,-1.18349957466125,-1.98612582683563,-2.96470141410828,0.112140417098999,-0.094976618885994,0.0573615059256554,-2.18196725845337,-1.67519092559814,-1.91100227832794,-0.64454460144043,-0.684083104133606,-1.19660067558289,-0.557689309120178,-1.79238057136536,-1.61599826812744
P26038,-0.41167813539505,-0.629912674427032,-0.22695916891098,0.645649433135986,-0.536122381687164,0.451824009418488,0.537385702133179,0.793128192424774,-0.844322800636292,-0.0531735606491566,0.597831785678864,0.560482919216156,0.401500463485718,0.355209529399872,-0.018367687240243,0.533711969852448,-0.130814239382744,-0.114570453763008,-0.277051568031311,-1.27296555042267,-0.0808638408780098,-1.21267092227936,-0.162929818034172,-1.00591552257538,0.697460174560547,-0.536935687065125,-0.286718457937241,-0.895534753799438,-0.848864018917084,0.28800368309021,0.0997540354728699,0.476873070001602,-1.08466029167175,-0.567550778388977,-0.516485989093781,-0.605709910392761,-0.399267047643662,-0.673025965690613,0.12812528014183,-1.337965965271,-0.292637377977371
P10415-2;P10415,NaN,-0.461427956819534,NaN,-1.766974568367,-0.877605855464935,NaN,-4.2309775352478,NaN,0.482072234153748,-1.4255952835083,-2.58720374107361,-1.9822028875351,-0.795238614082336,-1.75124967098236,-1.11461436748505,-0.606851756572723,-0.181921124458313,0.999970078468323,-1.57358646392822,-0.506495237350464,-0.00234019570052624,-0.318698137998581,-0.676175355911255,NaN,-1.5586314201355,-1.86170136928558,-0.785289287567139,-0.551920473575592,0.662708699703217,NaN,0.275545716285706,NaN,0.497126758098602,-0.596574425697327,-0.153475597500801,1.0062472820282,NaN,-0.182387083768845,0.319120854139328,-0.064161516726017,-0.0417356193065643
P21281,0.389526903629303,-0.0346982106566429,1.05344116687775,1.41347479820251,0.201586052775383,-0.104172497987747,0.767048716545105,1.20745301246643,-0.347940921783447,0.940641760826111,1.24271667003632,1.15824913978577,1.15598177909851,1.10612773895264,0.7873455286026,0.863697409629822,-0.114748947322369,-0.0118827782571316,0.334058493375778,-0.64395934343338,0.455552309751511,-0.121338173747063,0.439376562833786,-0.115515626966953,1.14318418502808,0.687994182109833,-0.333135306835175,-0.893711388111115,-0.751213490962982,1.16606748104095,0.416672468185425,1.28228163719177,-0.290568143129349,0.273262649774551,-0.357262253761292,-0.0307427681982517,0.674895763397217,0.442826211452484,0.788350164890289,-0.230475589632988,0.299778133630753
P49354;P49354-2,-0.307827681303024,-0.176163017749786,-0.539669334888458,0.256839960813522,-0.454356342554092,0.373272120952606,0.497728258371353,0.272205114364624,-0.72129088640213,-0.798252522945404,0.339488536119461,0.388255089521408,0.275435328483582,0.253591567277908,-0.227673560380936,0.195198878645897,-0.141518861055374,0.0873928368091583,-0.330314546823502,-1.14849853515625,-0.0544575043022633,-1.50394511222839,-0.145878851413727,-0.293034046888351,0.334773689508438,-0.902072310447693,-0.886804103851318,-1.51039493083954,-0.87749570608139,0.319548636674881,-0.0685268267989159,0.595569014549255,-0.99387401342392,-0.890061974525452,-1.40477108955383,-0.520253479480743,-0.857579112052917,-1.09433960914612,0.162270858883858,-1.29749226570129,0.0909988209605217
Q14146,0.0420006513595581,-0.139251217246056,-1.93517684936523,-1.01817393302917,0.204545870423317,-1.02107095718384,-1.9466198682785,-1.47380447387695,0.11314369738102,-0.789108633995056,-1.28721797466278,-1.53986477851868,-0.663337767124176,-2.01308679580688,-0.328936785459518,-0.912611365318298,-0.374918252229691,-0.825649440288544,-0.614276051521301,0.691251277923584,-0.251506119966507,0.194472447037697,0.144266217947006,-0.226758807897568,-1.74181389808655,-0.572884798049927,-0.158518895506859,0.21460485458374,0.291668653488159,-0.860414087772369,-0.226245746016502,-1.16118991374969,0.409767955541611,-0.690421283245087,0.342961728572845,0.449600338935852,-0.429675579071045,-0.11618734151125,-0.866111099720001,0.294310301542282,0.174323037266731
Q8ND82,NaN,0.73651659488678,-1.08252823352814,-0.84170401096344,0.916507184505463,-0.399190843105316,-1.38156008720398,-0.872442662715912,1.3704332113266,-0.156021997332573,-1.16975498199463,-1.01977336406708,-0.57784903049469,-1.03999674320221,-0.272417783737183,-0.302720695734024,0.898156642913818,0.123683586716652,0.019097026437521,0.950310885906219,0.0790751799941063,0.596575200557709,0.28696471452713,0.503171920776367,NaN,-0.249345660209656,0.312739372253418,0.866766512393951,0.66748571395874,-0.567948579788208,0.397829562425613,-0.793885231018066,0.869296729564667,-0.227375239133835,0.926891028881073,1.11949646472931,-0.111584737896919,0.393261641263962,0.410785734653473,0.628713965415955,0.0960534363985062
O94855;O94855-2,-1.55853509902954,-0.50365138053894,0.0374955870211124,0.033193651586771,-0.553699254989624,0.0299059506505728,0.158915251493454,0.0281006917357445,-1.21764087677002,-0.435405403375626,0.184554845094681,0.257985502481461,-0.462457418441772,0.179316014051437,-0.335823267698288,-0.563495337963104,-1.24667453765869,-0.976992130279541,-0.276084989309311,-0.553889513015747,-1.04564225673676,-1.14544355869293,-1.20247602462769,-0.917207777500153,0.171212509274483,0.0531254708766937,-1.83085644245148,-0.864231824874878,-1.3027491569519,0.507387697696686,-1.21561229228973,0.190876379609108,-0.905880808830261,-1.23465442657471,-1.49056911468506,-0.951082348823547,-0.151745468378067,-0.394143611192703,-1.13636803627014,-0.803166329860687,-0.766158878803253
O95486,-1.23403286933899,-0.444310426712036,0.07518520206213,0.176986426115036,-0.147733688354492,0.0703016966581345,0.397261917591095,0.37944558262825,-0.984703838825226,-0.0656674355268478,0.586294174194336,0.159982606768608,0.176053136587143,0.242239028215408,0.0862748101353645,-0.080423504114151,-0.529260396957397,-0.231600776314735,-0.599842369556427,-0.852951943874359,-0.638062953948975,-0.531655728816986,-0.27459529042244,-0.898447334766388,0.150728523731232,-0.107898652553558,-0.736353814601898,NaN,-1.1568363904953,0.209050923585892,-0.639640152454376,0.54454517364502,-0.849213063716888,-0.705730199813843,-1.15524065494537,-0.859651923179626,-0.177507817745209,-0.572097361087799,-0.135942086577415,NaN,-0.513774991035461
Q9H8H2;Q9H8H2-2;Q9H8H2-4,NaN,0.0671159774065018,-1.36215364933014,-0.859998643398285,NaN,NaN,-0.025392072275281,-1.04034411907196,0.37238809466362,-0.586773157119751,-0.772899210453033,NaN,NaN,-1.00358688831329,-0.820267498493195,-0.956031441688538,0.0491710789501667,0.174220412969589,-0.316683828830719,0.778057157993317,-0.136933371424675,-0.139321506023407,0.269751816987991,0.36663830280304,-1.48139607906342,-0.803040027618408,-0.364015132188797,0.433558225631714,0.10516357421875,NaN,0.657863616943359,-0.945865988731384,0.736720144748688,NaN,0.871881425380707,0.507087707519531,-0.107435472309589,-0.0919649675488472,NaN,0.998114228248596,0.149238780140877
O15446;O15446-2,-0.141206339001656,-0.25160738825798,-1.55312395095825,-1.50122117996216,-0.318340122699738,-0.83210700750351,-1.47561180591583,-1.75587391853333,-0.190132901072502,-1.17482125759125,-1.46531617641449,-1.87613987922668,-1.06242406368256,-1.47210156917572,-0.934432089328766,-1.26917350292206,-0.660621047019959,-1.14414250850677,-0.40852227807045,0.186036959290504,-0.773333728313446,0.00212287716567516,0.25701642036438,-0.328595668077469,-1.68108546733856,-0.788865327835083,-0.00364547153003514,0.24478779733181,-0.477359294891357,-1.51502454280853,-0.768651723861694,-1.98782110214233,0.141629785299301,-0.945091843605042,0.141799241304398,-0.369021654129028,-0.727981328964233,-0.198093578219414,-0.839449942111969,0.269331783056259,0.13711504638195
O15091-2;O15091;O15091-4,-0.797849476337433,-0.802478730678558,-1.64043402671814,-1.32397150993347,-1.03208482265472,-0.631271839141846,-1.26174855232239,-1.25738894939423,-0.155809983611107,-1.29726696014404,-1.57799875736237,-1.90279793739319,-1.14443826675415,-1.66499125957489,-0.79593563079834,-1.39536678791046,-0.52904611825943,-1.73143374919891,-0.52395236492157,0.497029334306717,-1.16295146942139,-0.104200698435307,-0.486345410346985,-1.02733790874481,-1.69119036197662,-1.03561842441559,-0.855150461196899,-0.247304946184158,-0.231236129999161,-1.38831925392151,-0.511142373085022,-1.19680690765381,0.269197016954422,-0.595496118068695,-0.568821251392365,-0.693189084529877,-1.0295193195343,-0.47293409705162,NaN,-0.11996878683567,-0.807574927806854
P50225;P50225-2;P50226,0.999666690826416,-0.70198380947113,0.203822731971741,1.82824110984802,0.191563248634338,1.56419312953949,0.862471640110016,2.06766533851624,0.732870936393738,1.83277237415314,1.07243669033051,2.55038142204285,2.53837490081787,1.29747629165649,0.764667928218842,2.4016375541687,0.585237741470337,-0.39775425195694,1.24600338935852,-1.96296405792236,2.13048839569092,-0.437199145555496,1.00915133953094,0.86828088760376,1.54212188720703,-0.0804902762174606,-0.290093988180161,-1.72480845451355,-0.423058897256851,1.77167057991028,1.22313618659973,-0.232558369636536,1.18124520778656,0.548076033592224,-1.52693247795105,0.774321854114532,-0.260707885026932,-0.389025628566742,1.44382357597351,-0.756967008113861,-0.576982080936432
Q86UT6;Q86UT6-2,0.950611472129822,1.02583849430084,1.06965792179108,0.423469394445419,1.8611980676651,1.52393317222595,0.631340801715851,0.77315890789032,2.11851286888123,1.64675831794739,0.383018910884857,0.29559463262558,0.681660532951355,0.455414921045303,0.641481101512909,1.61286282539368,2.14672946929932,0.809323668479919,1.80086588859558,1.44661772251129,1.94884073734283,1.0275731086731,2.09689545631409,1.79079365730286,0.667593836784363,1.09170067310333,0.659084022045136,1.61312198638916,2.43230414390564,0.584452152252197,1.84125792980194,0.734456181526184,1.9033135175705,1.81241393089294,2.05634093284607,2.06063556671143,0.958370923995972,1.221355676651,1.51682102680206,1.26935493946075,1.07862186431885
P02792,1.72265064716339,1.57142901420593,2.40919589996338,2.73486399650574,1.06035971641541,0.461980789899826,1.99903857707977,2.63547515869141,0.0354206599295139,2.16777491569519,2.26039338111877,2.59208178520203,1.4174097776413,3.10343337059021,3.74032592773438,2.87253284454346,1.32063329219818,-0.724101662635803,0.911391615867615,0.417687028646469,2.00489735603333,2.23280549049377,0.266277730464935,-0.00400655623525381,1.04499363899231,1.82800471782684,0.694983124732971,0.606529295444489,0.522980690002441,2.49731850624084,1.79042589664459,2.73739385604858,0.0224915966391563,1.65818500518799,1.33890533447266,1.03549575805664,1.97311878204346,0.565252780914307,0.00626371148973703,1.17644214630127,0.662295341491699
P46940,-0.594466507434845,0.0988326966762543,1.11867761611938,1.30948340892792,0.446007698774338,-0.154526233673096,1.87434864044189,1.86721658706665,0.393209189176559,1.54420220851898,1.27137720584869,1.01830148696899,0.680386006832123,1.1489804983139,0.478390455245972,1.26561450958252,0.863760530948639,0.114133730530739,-1.21256816387177,-1.27343201637268,0.676135241985321,-0.564922690391541,-0.820744395256042,0.0725420489907265,1.48233413696289,0.934522688388824,0.706326186656952,-0.198096007108688,-0.97085028886795,1.09239554405212,1.1859085559845,1.48268210887909,-1.41955125331879,-0.265069276094437,0.00359133561141789,0.468051016330719,0.758552253246307,0.612643957138062,-0.0736846253275871,-0.955720484256744,-0.487231940031052
Q9Y3A4,-0.290213346481323,-0.888743340969086,-1.87959182262421,-1.36881744861603,-0.624238014221191,-1.15978896617889,-1.95781230926514,-1.6865451335907,-0.0817755907773972,-1.26126444339752,-1.66233110427856,-1.91027414798737,-1.56492185592651,-1.82610583305359,-0.81071937084198,-1.56158220767975,-0.608961939811707,-0.688870966434479,-1.08826315402985,-0.648273408412933,-0.78892856836319,-0.298987776041031,-0.204972505569458,-0.285658776760101,-1.64547789096832,-0.860018134117126,-0.687562644481659,-0.154303386807442,-0.0665045380592346,-1.7472972869873,-0.914255380630493,-1.42851769924164,-0.314734280109406,-0.919080078601837,0.0299265012145042,-0.387006968259811,-1.27139520645142,-0.769765734672546,-1.01651906967163,-0.199977338314056,-1.05593824386597
P49916-3;P49916;P49916-4;P49916-2,1.05894911289215,0.980229079723358,-0.0931342020630836,-0.321364432573318,0.577053129673004,-0.378563642501831,-0.386548638343811,-0.247501596808434,0.711780071258545,0.0154218124225736,-0.259180724620819,-0.0790343657135963,0.0531839691102505,-0.197827517986298,0.319698572158813,0.165713980793953,0.559606373310089,1.15344786643982,0.325239777565002,0.929570913314819,0.337582498788834,0.625255346298218,0.487393707036972,1.08627688884735,-0.581699550151825,0.50786304473877,0.616408109664917,0.53844279050827,0.970748245716095,-0.195095762610435,0.612486839294434,-0.539181232452393,0.995312929153442,0.549895167350769,1.00220048427582,0.950463175773621,0.350523680448532,0.575184285640717,0.275705188512802,1.16428995132446,0.707156360149384
Q9NT62;Q9NT62-2,0.112120643258095,-0.314670413732529,0.605893731117249,1.50164937973022,0.106190003454685,0.0600038953125477,1.44494843482971,0.612803757190704,-0.605830848217011,-0.0220732428133488,1.73132503032684,1.29765772819519,1.42982971668243,1.27122688293457,0.593686997890472,0.7956622838974,-0.107539735734463,-0.320107728242874,-0.379826158285141,-0.900487720966339,0.682262599468231,-0.51096522808075,-0.344358414411545,-0.01769526489079,1.00314581394196,0.284691244363785,0.0579102002084255,-0.57938289642334,-1.09453344345093,1.40326726436615,0.443673253059387,1.34339928627014,-0.53017121553421,-0.0894593670964241,-0.628770112991333,-0.0173860397189856,0.463769286870956,0.105754479765892,0.336815893650055,-0.887962281703949,-0.0212900210171938
Q9H2P0,0.290521532297134,0.477471888065338,-0.864946722984314,-0.908722102642059,0.498036712408066,-0.342678308486938,-0.661872208118439,-0.607311308383942,0.333503484725952,-0.238223373889923,-0.945677220821381,-0.894359886646271,-0.830158948898315,-0.956070244312286,-0.265521109104156,-0.468009918928146,0.363910228013992,0.235268503427505,0.0555202178657055,0.608515024185181,-0.0124149201437831,0.0920368358492851,0.0894074440002441,0.386677861213684,-0.967181742191315,-0.249775111675262,0.915798485279083,0.756443798542023,0.875262022018433,-0.704383134841919,0.0759916007518768,-1.06412315368652,0.614174246788025,-0.317303031682968,0.61139965057373,0.625909388065338,-0.188798204064369,-0.0422897413372993,-0.174293085932732,0.731504380702972,-0.486019998788834
Q8NHQ9,-0.495678633451462,-0.459960281848907,-1.23539412021637,-1.21711564064026,-0.290074437856674,-1.41338765621185,-1.25974905490875,-1.18050277233124,-0.184385761618614,-0.397060930728912,-1.54479587078094,-1.58548831939697,-1.20040643215179,-1.01999580860138,-0.948031067848206,-0.490956902503967,-0.521095335483551,-0.75333708524704,-0.909718871116638,-0.222791686654091,-0.620155870914459,-0.454861998558044,-0.800381779670715,-0.54651415348053,-1.16395235061646,-0.564734518527985,-0.0908499211072922,-0.0195992030203342,-0.091828815639019,-1.23271882534027,-0.576511025428772,-1.43264675140381,-0.835395276546478,-0.371656030416489,-0.0257837902754545,-0.231080800294876,-0.708855330944061,-0.503124117851257,-0.6139235496521,-0.223159700632095,-0.899438083171844
Q969S9-3;Q969S9;Q969S9-4;Q969S9-5;Q969S9-2,NaN,-0.418932020664215,-0.0986925289034843,-0.421522587537766,0.486187756061554,-0.268949300050735,-1.36431443691254,0.0299128089100122,0.785169124603271,0.560045421123505,-0.679607093334198,-0.602573871612549,-0.38440728187561,-0.368350803852081,0.236265674233437,-0.41155868768692,0.469886958599091,0.0257468353956938,0.848400235176086,0.428687423467636,0.0522183999419212,0.759955108165741,0.526197850704193,0.81153392791748,-0.636045634746552,0.527152717113495,-0.799883186817169,0.803307235240936,1.30771923065186,-0.438458681106567,0.606175482273102,-0.336494505405426,1.5082448720932,-0.0888652130961418,0.513168931007385,0.736907243728638,-0.267656236886978,0.611599147319794,0.1669842004776,0.276618391275406,0.583940863609314
O15357;O15357-2,-1.2032356262207,-1.1448837518692,0.409537345170975,0.28554967045784,-0.349471896886826,0.119368128478527,-0.298923492431641,0.295712292194366,-0.731694102287292,0.144279941916466,0.370214551687241,0.551843225955963,0.0716053023934364,0.331199377775192,-0.236612752079964,-0.13546721637249,-0.787785589694977,-0.600466966629028,0.187708809971809,-1.42134046554565,-0.272104978561401,-0.381804645061493,-0.538014054298401,-0.744056224822998,0.378965944051743,-0.520565986633301,-0.914341509342194,-1.26288294792175,-0.671800851821899,0.159973055124283,-0.372060000896454,0.0129185598343611,-0.928240835666656,-0.544158518314362,-1.01241946220398,-0.977997481822968,-0.444645017385483,-0.22833639383316,-1.21165359020233,-1.1736444234848,-0.0793880298733711
Q4KMP7,NaN,NaN,0.409904778003693,0.411338984966278,NaN,NaN,0.529490113258362,NaN,NaN,NaN,0.549880385398865,0.772779881954193,NaN,0.529192864894867,-0.266790241003037,0.148348420858383,-0.226650387048721,-0.071480505168438,-0.242229402065277,NaN,NaN,NaN,NaN,0.457702606916428,0.50068187713623,NaN,0.0251853875815868,NaN,-0.765384256839752,NaN,NaN,0.667542159557343,-0.406188815832138,NaN,NaN,NaN,-0.0588057041168213,-0.178602054715157,-0.991163551807404,NaN,NaN
Q8N3D4,1.64441955089569,0.0585349723696709,1.38314723968506,2.03356075286865,0.990298271179199,0.482806742191315,1.67210114002228,2.13023853302002,0.261392593383789,2.00008034706116,1.79647707939148,1.3706042766571,1.65631747245789,1.37119019031525,1.6197384595871,1.39816427230835,0.278117477893829,-0.17309695482254,0.957988321781158,-0.141976237297058,1.46326315402985,-0.42435410618782,0.60423070192337,0.00118205195758492,1.64016759395599,2.25340867042542,0.583232939243317,0.438307851552963,NaN,1.52440333366394,1.2235199213028,1.42448914051056,NaN,0.989071846008301,0.263528764247894,0.797318577766418,1.45207142829895,1.18465971946716,0.644098877906799,-0.277565956115723,0.693616271018982
P17612;P17612-2,0.103912703692913,0.546813428401947,1.39489638805389,1.60058867931366,0.426626801490784,0.894050419330597,1.08381986618042,1.72402822971344,-0.369833260774612,1.2607421875,1.63370597362518,1.11068260669708,1.35275232791901,0.938144087791443,1.03972005844116,0.897185206413269,0.494159072637558,0.474393993616104,1.01613855361938,-0.508299291133881,0.587058126926422,NaN,0.284860581159592,0.169073849916458,1.64369022846222,0.499915093183517,0.650420904159546,-0.160819336771965,-0.304212689399719,1.14501357078552,0.861141562461853,0.759216070175171,-0.185326084494591,NaN,0.276254177093506,0.30872568488121,1.13065874576569,0.505273997783661,0.367977827787399,NaN,0.24846625328064
Q13330;Q13330-2,0.488179177045822,0.323483675718308,-0.860842823982239,-0.981909990310669,0.0978498309850693,-0.185208156704903,-1.02412438392639,-1.2075469493866,0.560722410678864,-0.275385946035385,-0.745465576648712,-0.84759521484375,-0.563574254512787,-1.11190676689148,-0.106282196938992,-0.907915830612183,-0.00830728560686111,-0.0500267446041107,0.00498313829302788,0.748144567012787,-0.176215648651123,0.291083335876465,0.401889473199844,0.811959981918335,-1.12318396568298,-0.0598370246589184,0.7177574634552,0.561633765697479,0.966551899909973,-0.849485874176025,-0.224227666854858,-1.11391079425812,0.960665881633759,-0.584592401981354,0.627841830253601,0.518148303031921,-0.25009298324585,0.385163098573685,-0.0400752723217011,0.59147322177887,0.219181463122368
O95602,0.217779606580734,0.279908955097198,-1.82981419563293,-1.20369815826416,-0.0818011835217476,-0.401874780654907,-1.48436999320984,-1.81277668476105,0.0455415211617947,-1.0795419216156,-1.28646671772003,-1.53456127643585,-0.815587639808655,-1.63505780696869,-0.672108471393585,-0.964702188968658,-0.434270292520523,-0.285756528377533,-0.26070636510849,0.670348942279816,-0.588232338428497,0.121780559420586,0.443977624177933,0.255959063768387,-1.72031545639038,-0.427361786365509,0.189534336328506,0.0939301252365112,-0.143365353345871,-0.906276226043701,-0.551466643810272,-2.15927004814148,0.0900866314768791,-0.79205459356308,0.356551557779312,-0.178539603948593,-0.52987015247345,0.214010253548622,-0.677622616291046,0.730736434459686,0.692717671394348
P12694;P12694-2,-0.0118376910686493,0.110685504972935,-0.391131728887558,-0.412570923566818,0.556435763835907,-0.168070137500763,-1.51374244689941,-0.582336008548737,1.15234172344208,-0.240717068314552,-0.751568257808685,-0.909205734729767,-0.35551443696022,-0.742487192153931,-0.276064574718475,-0.226459667086601,0.427576333284378,0.324079662561417,-0.00338480598293245,0.603182375431061,0.630824863910675,0.275075823068619,0.52776837348938,0.370152145624161,-0.608660161495209,-0.549011707305908,0.406328201293945,0.977404892444611,0.970400869846344,-0.641987562179565,0.193171054124832,-0.936213314533234,1.14971685409546,0.0162842832505703,0.4461370408535,0.401194781064987,-0.265600919723511,0.0750302448868752,0.260405212640762,0.478452324867249,0.0613297671079636
P53367,-0.527554333209991,-0.213784366846085,0.200380966067314,0.745229363441467,-0.0435990355908871,-0.541363537311554,0.375188112258911,0.747865736484528,-0.673271775245667,0.716839730739594,0.802065312862396,0.5144322514534,0.558310806751251,0.247739687561989,0.292036175727844,0.0407985746860504,-0.377063661813736,-0.60862123966217,-0.481551170349121,-0.652283906936646,-0.157059818506241,-0.4034703373909,-1.07537961006165,-0.469501137733459,0.562516331672668,0.225399196147919,-0.128036201000214,-0.459084630012512,0.0794577375054359,0.492451101541519,0.428874313831329,0.59911322593689,-1.28027081489563,-0.651162266731262,-0.363628059625626,-0.279665738344193,0.307228416204453,0.0414491966366768,-0.328698545694351,-0.780129492282867,0.143026188015938
Q5C9Z4,-2.05909442901611,-1.06723809242249,-2.08342695236206,-2.06086349487305,-1.42839896678925,-2.65387678146362,-2.10569643974304,-1.75749862194061,-0.445818930864334,-1.19336724281311,-2.45862770080566,-2.61561322212219,-2.42126893997192,-2.16062593460083,-2.59231305122375,-1.63654589653015,-1.55652141571045,-2.03411722183228,-1.74173665046692,-0.658407092094421,-2.33832216262817,-1.32032060623169,-1.40135550498962,-1.03097724914551,-2.16122674942017,-1.19345510005951,-1.67645716667175,-0.566796958446503,-0.427022159099579,-2.38175630569458,-1.46623933315277,-2.0049729347229,-0.938954651355743,-1.50479435920715,-1.03793323040009,-1.0137335062027,-1.28493523597717,-1.17818450927734,-1.69851970672607,-1.00485444068909,-1.67482447624207
Q13488;Q13488-2,0.208035603165627,0.609875023365021,1.54157757759094,1.60794281959534,-0.44754546880722,-1.55172622203827,1.07167661190033,1.25983726978302,-0.857729613780975,1.67882180213928,1.37297570705414,1.10543966293335,0.761572778224945,1.43895387649536,1.20362639427185,0.349524646997452,-1.00587940216064,-2.00327491760254,-1.26733195781708,-0.323248594999313,0.791291236877441,1.17667257785797,-2.23608374595642,-2.14120268821716,0.833832442760468,1.22621488571167,-1.5121283531189,-1.47580814361572,-1.4653240442276,1.04434406757355,-0.392645865678787,1.3777357339859,-0.973882138729095,1.72179102897644,-0.127078801393509,-0.0959986448287964,1.53463339805603,0.95491498708725,0.99148553609848,-0.449683398008347,-1.20372009277344
O43914-3;O43914-2;O43914,-0.545436501502991,0.203540816903114,2.03580808639526,1.59594416618347,0.670968174934387,NaN,1.48404502868652,2.22519302368164,0.920869827270508,2.15357446670532,1.35218119621277,1.25906455516815,0.977965295314789,1.69287919998169,1.66896617412567,1.69368708133698,0.637146890163422,0.306829452514648,-0.196787029504776,0.222186014056206,1.17614722251892,1.57869136333466,-0.993603229522705,1.15827035903931,1.49863255023956,1.48148238658905,-0.275603055953979,NaN,-1.77117204666138,1.51777577400208,1.43742215633392,2.16733765602112,-1.08536946773529,0.387395024299622,-0.410881549119949,0.678480207920074,2.01086211204529,1.337517619133,-0.750212788581848,-1.0658745765686,-1.07402729988098
Q9NVH6;Q9NVH6-8;Q9NVH6-7;Q9NVH6-6;Q9NVH6-5;Q9NVH6-4;Q9NVH6-2;Q9NVH6-3,2.5640275478363,2.17518067359924,0.771978080272675,0.800771474838257,2.07891488075256,0.947723269462585,-0.961000442504883,0.6451735496521,2.26794099807739,0.817365884780884,-0.274775803089142,0.606433212757111,1.1379086971283,0.443342536687851,2.24781441688538,1.83738160133362,2.23150873184204,1.33150672912598,1.80970227718353,2.91717386245728,2.15106272697449,2.05531907081604,2.6930992603302,1.3452262878418,0.640524387359619,2.0381064414978,1.23281049728394,2.05187773704529,3.63269877433777,1.56612098217011,2.24546337127686,0.400694102048874,3.25068688392639,2.03965663909912,2.24583625793457,2.73859286308289,0.937492072582245,1.0599582195282,1.68026173114777,1.54378414154053,1.25881898403168
O43819,-1.29179692268372,-0.966206133365631,NaN,NaN,-1.36557948589325,NaN,-2.37329721450806,NaN,NaN,NaN,-2.05087852478027,NaN,-2.40531539916992,NaN,-1.73151385784149,NaN,-1.30396330356598,-1.09771490097046,-1.79610979557037,0.0289850533008575,NaN,-0.684791028499603,-1.4370733499527,NaN,NaN,-1.09962487220764,NaN,-0.222459644079208,-1.29041934013367,NaN,NaN,-1.03340005874634,-1.57866036891937,NaN,-0.702191352844238,-1.74552083015442,NaN,-1.02435266971588,NaN,-0.396697163581848,-0.883354067802429
Q9BQ75-2;Q9BQ75,-0.607356488704681,-0.66673880815506,-2.37692070007324,-2.28094291687012,-1.01653444766998,-0.947256028652191,-2.76699829101563,-1.81458795070648,-0.105203852057457,-1.18241214752197,-1.77631855010986,-2.11730575561523,-1.76020932197571,NaN,-1.47688448429108,-1.41318106651306,-0.494453370571136,-1.0241060256958,-0.912262141704559,0.185320660471916,-0.962014019489288,-0.660866379737854,-0.828874528408051,-0.686801195144653,-2.65410828590393,-1.23374235630035,-0.54181706905365,-0.0378722213208675,-0.716014385223389,-2.08067202568054,-0.769635260105133,-2.23352909088135,-0.454384446144104,-0.998696148395538,-0.14733013510704,-0.0728836134076118,-1.05621552467346,-0.437247425317764,-1.10236692428589,-0.21566903591156,-0.582227945327759
Q96HC4;Q96HC4-4;Q96HC4-7;Q96HC4-6,1.2054500579834,0.267485529184341,1.32672810554504,1.56656587123871,0.80772078037262,3.67186307907104,2.42496013641357,1.03267252445221,-0.113653182983398,0.599939703941345,2.10301804542542,1.62576937675476,2.0893406867981,1.30149698257446,1.31015682220459,-0.346614867448807,0.100744917988777,1.33725762367249,2.78862762451172,-0.264962404966354,0.0692848712205887,-0.33988830447197,1.59555518627167,-0.347003936767578,1.38242220878601,0.969463646411896,-0.0815649777650833,-0.402679830789566,0.230760484933853,1.30770075321198,0.104913905262947,1.84834146499634,1.09426712989807,0.119872026145458,0.37687075138092,-3.86472702026367,1.18267393112183,0.691839814186096,1.06931960582733,NaN,2.39963245391846
Q9HD15,-7.38E-05,NaN,NaN,0.252440601587296,0.025320541113615,0.0474729649722576,0.684585928916931,0.0475617237389088,-1.51467716693878,NaN,0.681538939476013,0.155561238527298,0.181150615215302,0.0152695626020432,-0.301489800214767,-0.306862056255341,-0.294330894947052,-0.398386627435684,NaN,NaN,0.0168066173791885,-0.847120404243469,-0.794250786304474,-0.547010779380798,NaN,-1.32485628128052,0.249576538801193,NaN,NaN,NaN,0.070050023496151,0.316492855548859,-1.27487373352051,NaN,-0.65470564365387,-0.543392717838287,-0.899115085601807,-1.17379260063171,NaN,NaN,-0.281171411275864
P41218,1.3456244468689,2.24756479263306,2.81498408317566,2.41152143478394,0.607188403606415,-1.03943109512329,2.35395979881287,3.27833414077759,0.493864804506302,3.5387270450592,2.23053812980652,1.98310220241547,1.75445878505707,2.56407785415649,2.64401936531067,2.40475487709045,0.87115204334259,-4.6243257522583,-1.02342700958252,-0.228050857782364,2.7024347782135,2.16386079788208,-1.22623205184937,-1.22823774814606,1.83708250522614,2.17655777931213,-1.33402824401855,-1.56354570388794,-1.73436188697815,2.19440650939941,2.15167450904846,0.841885983943939,-2.16017389297485,3.2911319732666,1.84250628948212,1.76093292236328,3.01928615570068,1.38905835151672,3.08042287826538,1.71393036842346,-0.968861937522888
Q9UJU6;Q9UJU6-5,0.148386970162392,-0.150565922260284,0.779834449291229,1.20083701610565,0.760539352893829,1.29708206653595,1.21966350078583,1.28015911579132,-0.193849548697472,0.373636394739151,1.3580230474472,1.26874423027039,1.25836825370789,1.05229294300079,0.746133506298065,0.899609863758087,0.758289635181427,0.79671049118042,1.23015820980072,-0.808222413063049,0.934216737747192,-0.539943754673004,0.41403466463089,-0.108925677835941,1.44707572460175,0.180416911840439,-0.114124923944473,-0.376284539699554,-0.312673985958099,1.13668191432953,1.02245390415192,1.24354076385498,-0.178635850548744,0.588029742240906,-0.113344125449657,0.0298369005322456,0.368640124797821,-0.0920513719320297,0.965939283370972,-1.08545255661011,0.346527338027954
P55957;P55957-2;P55957-4,-0.231664821505547,-0.460392087697983,-0.774700284004211,0.969541668891907,-0.519190907478333,0.94321197271347,0.43305379152298,0.492325007915497,-1.16500568389893,-1.41368556022644,0.969590663909912,0.818760573863983,0.806230008602142,0.634859144687653,0.202198103070259,0.236879542469978,-0.486418634653091,-0.151931524276733,-0.416843950748444,-1.47570037841797,0.404060661792755,-1.74575924873352,-0.314707159996033,-0.40626335144043,0.492048144340515,-1.02845573425293,-0.320907771587372,-1.58415555953979,-0.899485230445862,0.855974733829498,-0.0830802395939827,0.180226981639862,-1.07006931304932,-1.43324220180511,-1.26140594482422,-0.755852401256561,-0.821774542331696,-1.05587315559387,0.150427058339119,-1.55300092697144,0.332487314939499
P22061-2;P22061,0.419206708669662,0.00201038946397603,0.475435763597488,0.779345571994781,0.399722635746002,1.57404828071594,1.02401089668274,0.904780983924866,-0.0985498353838921,0.0131586510688066,0.972862839698792,1.1128511428833,0.873042762279511,1.0514600276947,0.767788589000702,0.935964345932007,0.518971800804138,1.5655814409256,0.609918832778931,-0.690778791904449,0.719050765037537,-0.391611576080322,0.70701789855957,0.220268398523331,0.933213353157043,-0.0800751224160194,0.1732497215271,-0.0623273812234402,-0.0332465656101704,0.718373954296112,0.671929180622101,0.292828679084778,-0.593096196651459,0.0904164239764214,-0.0365511775016785,0.14240950345993,-0.0199377462267876,-0.191805243492126,0.992419004440308,-0.431947737932205,0.26223948597908
Q9Y5X3,-0.280838549137115,-0.746846735477448,0.48659685254097,0.604434013366699,-0.450702309608459,0.284756749868393,0.61768639087677,0.534223198890686,-0.599849879741669,-0.00916825979948044,0.695235371589661,0.7022745013237,0.604605257511139,0.628280103206635,0.0131418220698833,0.496553599834442,-0.0784962475299835,-0.18176843225956,0.0386919863522053,-0.634526968002319,0.0126312710344791,-0.293775796890259,-0.0488235428929329,-0.446867614984512,0.626144349575043,-0.0996576845645905,-0.132989555597305,-0.985347211360931,-1.10269141197205,0.509698510169983,0.0721571445465088,0.795838534832001,-0.504690766334534,-0.476177394390106,-0.878734946250916,-0.52892929315567,0.10986615717411,-0.283423006534576,-0.413417309522629,-1.18783247470856,-0.0682373568415642
P50395;P50395-2,0.0228270683437586,-0.453203499317169,-0.379820913076401,0.659020662307739,-0.152932643890381,0.385137110948563,0.54179710149765,0.521580576896667,-0.50516676902771,-0.48443478345871,0.781801402568817,0.770681858062744,0.570725500583649,0.523890852928162,-0.0900869071483612,0.632088840007782,-0.00841501820832491,0.0547612980008125,0.131309628486633,-1.30726599693298,0.103655301034451,-1.23304164409637,0.100866235792637,-0.45541450381279,0.881941497325897,-0.740551650524139,-0.175787180662155,-1.01062107086182,-0.795545995235443,0.519093811511993,0.380845189094543,0.495148330926895,-0.555357873439789,-0.798921465873718,-1.00386738777161,-0.419988065958023,-0.568283677101135,-0.844939470291138,0.495435118675232,-1.12421238422394,0.195392370223999
Q02127,0.195433065295219,-0.767062366008759,-0.0696101263165474,-0.496663182973862,0.565130114555359,-0.691143333911896,-0.781048476696014,-0.482404083013535,0.479065209627151,0.491933226585388,-0.51330029964447,-1.04124188423157,-0.321472406387329,-0.417457550764084,0.117660991847515,-0.0401228927075863,0.173590213060379,-0.113532312214375,0.709596872329712,1.22861313819885,0.388549149036407,0.615359127521515,0.826430320739746,-0.822684943675995,-0.696285367012024,0.0813302621245384,-0.213016346096992,0.714875459671021,0.426021307706833,-0.851081907749176,0.363087475299835,-0.533902406692505,0.920609176158905,-0.17395868897438,0.325107246637344,0.425223469734192,0.0375416167080402,0.336153835058212,-0.105282634496689,0.106818988919258,0.637932777404785
Q02338,0.67883437871933,0.017598070204258,-0.566762506961823,-0.395180106163025,0.445388436317444,-1.64661622047424,-1.56659162044525,-0.197743430733681,0.282667607069016,-0.478775590658188,-0.81212717294693,-0.498489677906036,-0.228098854422569,-0.879579663276672,-0.033482514321804,0.237292498350143,0.281676709651947,-0.708658277988434,0.0771178379654884,1.14785039424896,0.380433857440948,0.609470546245575,0.571378648281097,-1.42572331428528,-0.652331173419952,-0.614813387393951,-0.268418729305267,0.670275211334229,1.05785584449768,-0.782856345176697,0.300842821598053,-0.375359982252121,0.958452820777893,0.477576434612274,0.696576237678528,0.20376081764698,0.125952780246735,0.339227020740509,0.634618520736694,0.390918552875519,-0.466372579336166
O43633,-0.0258319303393364,-0.302632361650467,-0.142957329750061,0.461332231760025,-0.278144299983978,0.413228154182434,0.949371516704559,0.772533178329468,-0.634582340717316,-0.210606127977371,0.654362499713898,0.52661144733429,0.41079118847847,0.474843680858612,0.0574745610356331,0.473923027515411,-0.304012954235077,-0.192102029919624,0.0139744803309441,-0.797277927398682,0.192423075437546,-0.810638427734375,-0.22304755449295,-0.363900989294052,0.639934182167053,0.250462472438812,0.126667976379395,-0.749324023723602,-0.881696581840515,0.612942039966583,0.221514478325844,0.423361837863922,-0.794090688228607,-0.214409545063972,-0.186319932341576,-0.413524299860001,0.197717607021332,-0.421850115060806,-0.169335380196571,-0.98403662443161,-0.225966781377792
P19971;P19971-2,-1.51994836330414,0.787505626678467,1.91554415225983,3.16438913345337,0.736549496650696,1.08642053604126,3.31807804107666,1.99141764640808,-1.04254221916199,1.84892809391022,2.31110739707947,2.30976223945618,2.74573659896851,2.43729329109192,1.41280198097229,1.68333494663239,1.46637833118439,-1.58576190471649,0.873658955097198,-0.536039769649506,1.74670624732971,-0.0556144155561924,-0.308258056640625,1.11699855327606,2.03028059005737,2.44646525382996,-0.0858787521719933,-1.22985136508942,-2.54232788085938,2.71226000785828,1.07509791851044,2.91696071624756,-2.34279990196228,-0.872388601303101,-1.97634100914001,0.976577043533325,2.15104746818542,1.41898357868195,0.0121757565066218,-0.702301025390625,-1.09263825416565
P36888;P36888-2,NaN,1.23737239837646,-0.448291391134262,-1.10724818706512,-0.66545432806015,NaN,1.28430318832397,-0.88349723815918,0.927247047424316,-0.762026131153107,-2.4506733417511,-0.410793423652649,-0.415914982557297,-0.71127849817276,0.766364336013794,-1.56805372238159,0.025458462536335,0.484618991613388,-0.736574709415436,1.62883996963501,-0.680907785892487,0.751435041427612,NaN,1.63219726085663,NaN,1.09458994865417,2.62579679489136,1.74796044826508,-0.476090580224991,0.474695771932602,0.303282648324966,0.18137913942337,0.657947301864624,NaN,1.1446784734726,0.397949784994125,1.21507453918457,2.02412438392639,0.420918643474579,0.504574418067932,1.08657848834991
Q16595,1.38549613952637,1.06664347648621,0.926510870456696,0.615940093994141,0.60767012834549,0.637505233287811,0.346018344163895,0.288260608911514,1.41652607917786,NaN,0.26485687494278,NaN,0.473578244447708,0.974532902240753,1.5307434797287,0.599816262722015,0.697988569736481,NaN,0.760237812995911,2.07746481895447,0.938203394412994,NaN,1.93235838413239,0.744932770729065,NaN,0.887512505054474,1.56253695487976,1.03446972370148,2.0407612323761,0.805364489555359,1.36753678321838,0.0845801830291748,2.19254064559937,NaN,1.57283568382263,1.32729244232178,1.45508420467377,1.5971577167511,NaN,NaN,1.50271785259247
Q9P260,0.37115266919136,-0.462549060583115,NaN,0.554150760173798,NaN,1.63500785827637,0.849426090717316,0.603371858596802,NaN,NaN,0.740606904029846,0.781524479389191,1.21677994728088,0.867980659008026,0.527022361755371,-0.22922870516777,NaN,0.233357280492783,1.16497707366943,-0.506352603435516,0.640557527542114,NaN,0.681494891643524,NaN,0.326633840799332,0.154998898506165,0.0396827012300491,NaN,0.142328664660454,0.628110110759735,NaN,0.383720815181732,-0.407705217599869,NaN,NaN,-0.300629734992981,0.0230308137834072,0.303999185562134,0.148208260536194,NaN,NaN
Q96JJ3;Q96JJ3-3,-0.534156799316406,-0.119621768593788,1.6277027130127,1.59535837173462,0.171431660652161,-0.0870081782341003,0.954493701457977,1.48069715499878,-0.0386571958661079,1.39275312423706,1.39281713962555,0.908526122570038,0.807509660720825,1.42804181575775,0.653590321540833,0.534244358539581,-0.198605313897133,-0.0562682822346687,-0.665570199489594,-0.73129415512085,0.596382021903992,0.495223879814148,-1.55023944377899,-0.0565938502550125,1.16960215568542,1.16539037227631,-1.05922758579254,-0.835841536521912,-0.236193761229515,1.38642156124115,0.338632941246033,1.37452626228333,-1.52673518657684,0.675925314426422,-0.0654954835772514,-0.0152755044400692,1.54500126838684,1.28274476528168,0.424488186836243,-0.387321680784225,-0.142949640750885
P52732,NaN,-2.16883611679077,NaN,-2.13790035247803,NaN,NaN,-2.13276505470276,-1.78739404678345,-2.82275533676147,-3.82970070838928,NaN,-2.83243536949158,NaN,NaN,NaN,0.623532354831696,NaN,NaN,NaN,NaN,-2.06965899467468,NaN,NaN,-2.26822710037231,NaN,-0.903385877609253,-2.76494169235229,NaN,NaN,-0.0526309162378311,-1.55682384967804,NaN,NaN,NaN,NaN,NaN,-0.758546948432922,-2.84785676002502,NaN,-0.417188823223114,NaN
P62993;P62993-2,-1.13437485694885,-1.04893815517426,-0.567482233047485,0.43579176068306,-0.924309134483337,-0.204875096678734,-0.0378186106681824,0.419875949621201,-1.34008705615997,-0.451033115386963,0.395194858312607,0.211618050932884,0.0174204744398594,0.0620241463184357,-0.631572961807251,0.0238565728068352,-0.734181106090546,-0.286671668291092,-0.686290681362152,-1.70031797885895,-0.269742786884308,-1.5227062702179,-0.871912479400635,-0.626270055770874,0.491990834474564,-0.795918583869934,-0.827355802059174,-1.38879549503326,-1.4020162820816,0.0741795971989632,-0.49696272611618,-0.0812911093235016,-1.59333729743958,-1.25452697277069,-1.326331615448,-0.821801245212555,-0.788484632968903,-0.991501569747925,-0.451137065887451,-1.78426420688629,-0.920106053352356
Q9H223,-0.989263355731964,-0.970125198364258,1.00025117397308,0.775376260280609,0.116666942834854,0.337548345327377,1.52958929538727,1.55890989303589,0.0711125582456589,1.35461449623108,1.10373771190643,1.1342830657959,0.613650858402252,0.846304595470428,-0.199212357401848,1.24960672855377,0.298051416873932,0.0777175724506378,-0.416992217302322,-0.972493648529053,-0.0101454928517342,-0.980946600437164,-1.41686248779297,0.380741029977798,1.2382355928421,-0.0340419001877308,-0.45357882976532,-0.070092037320137,-2.34689569473267,0.773333251476288,1.1071652173996,2.08236813545227,-0.946072578430176,-1.15596854686737,-1.15294969081879,0.665989398956299,0.959093928337097,-0.51861697435379,-0.817232072353363,-0.904073476791382,-1.342120885849
B7ZAQ6-2;B7ZAQ6-3;P0CG08;B7ZAQ6,0.402714252471924,NaN,-0.453640043735504,-1.31614649295807,-1.190025806427,-0.761248230934143,NaN,NaN,-0.0578791610896587,-1.04731953144073,NaN,-0.818697094917297,-0.63987272977829,-0.808878779411316,-0.371246457099915,-1.37223303318024,NaN,0.46173432469368,-0.104482032358646,0.471832394599915,NaN,0.516411542892456,NaN,-0.453709572553635,NaN,-0.198415532708168,NaN,0.494238346815109,0.139592677354813,NaN,-1.20004618167877,NaN,0.545092284679413,NaN,0.705925047397614,-0.44861313700676,-0.0337328128516674,-0.243152588605881,-0.25902271270752,0.859493494033813,-1.29310941696167
Q9Y4W2-2;Q9Y4W2;Q9Y4W2-3,0.589195668697357,0.0069195288233459,-0.536522388458252,-0.631294190883636,0.703735053539276,-0.283868789672852,-1.11386895179749,-0.382367342710495,0.848064482212067,-0.159428060054779,-0.89281439781189,-0.649889707565308,-0.366685688495636,-0.827262401580811,0.0215745680034161,-0.328404277563095,0.239460006356239,-0.140397489070892,-0.432777941226959,0.60688978433609,0.195422410964966,0.295219421386719,0.760938584804535,0.0746753886342049,-0.764342069625854,0.00640094000846148,0.491179674863815,1.10651838779449,0.774063766002655,-0.715186893939972,0.506259977817535,-0.756412625312805,0.426923125982285,0.273206770420074,1.04303920269012,0.835451602935791,-0.000824987364467233,0.153368890285492,0.063800036907196,0.75230884552002,0.29805850982666
Q16774;Q16774-2;Q16774-3,1.15110349655151,-0.14576168358326,0.685018360614777,0.60128778219223,0.611706912517548,0.84681510925293,0.699366569519043,-0.324126720428467,-0.251719146966934,-0.360532373189926,0.522853970527649,0.269661873579025,0.84946084022522,0.667732834815979,0.479496687650681,0.435860186815262,NaN,-0.266627609729767,-1.85473299026489,-0.11213993281126,-0.133768111467361,-0.302546292543411,1.27974319458008,NaN,0.895549833774567,-0.650121688842773,0.894994735717773,0.616704761981964,-0.6493199467659,NaN,0.518653273582459,0.0932866111397743,NaN,-0.0587541200220585,0.326748758554459,-0.63994574546814,-0.251781135797501,-1.03469288349152,-0.457109987735748,0.143100038170815,-0.177175402641296
Q9Y2X3,1.14846420288086,0.901063978672028,-0.209017723798752,-0.0808877646923065,0.899645805358887,-0.0516841635107994,-0.84461373090744,-0.22714751958847,0.798327207565308,-0.074550062417984,-0.444631487131119,-0.301645666360855,0.0204391852021217,-0.350486487150192,0.419857889413834,0.0753025412559509,0.644801259040833,0.643677175045013,0.315985560417175,1.080810546875,0.580214023590088,0.806217014789581,0.923134207725525,0.620457768440247,-0.316238552331924,0.0854599997401237,0.616820991039276,1.01140928268433,0.637666642665863,-0.206192061305046,0.464921027421951,-0.286789536476135,0.710568249225616,0.581602692604065,1.35785090923309,0.772077202796936,0.320996224880219,0.49789759516716,0.434621721506119,1.13955664634705,0.737722516059875
Q08380,NaN,NaN,3.06888866424561,2.18712496757507,4.26327037811279,2.42381715774536,NaN,0.87150764465332,2.63954782485962,NaN,1.13363111019135,2.2053484916687,3.21232342720032,2.48304343223572,4.36180353164673,1.65742206573486,3.16382193565369,NaN,3.97040820121765,5.99438524246216,4.29934358596802,3.33107900619507,4.49137687683105,NaN,NaN,2.60303401947021,3.48858523368835,NaN,3.13615870475769,3.16937589645386,5.56740045547485,NaN,NaN,5.38593292236328,4.57146644592285,4.14572095870972,3.90626811981201,3.20577764511108,NaN,NaN,1.25862848758698
Q9NTG7,1.1307225227356,0.65114825963974,0.507302522659302,0.207088321447372,1.69601106643677,0.792226493358612,-0.0431331358850002,-0.349045872688293,1.65437829494476,0.583033680915833,0.0419193878769875,0.338570713996887,0.814196586608887,-0.176954075694084,0.355471342802048,0.196748703718185,1.86450469493866,1.34216213226318,1.19353306293488,2.20389556884766,0.873269617557526,1.07007098197937,0.224510177969933,1.60030841827393,-0.173719674348831,0.513944029808044,1.2381603717804,1.49072885513306,1.78524279594421,0.379649102687836,1.34391069412231,-0.280857741832733,-0.10663366317749,1.36673784255981,1.71262013912201,1.62552213668823,0.888682305812836,1.31806695461273,1.1480667591095,0.831309258937836,1.88328540325165
Q13075;Q13075-2,NaN,NaN,2.19462203979492,2.87247705459595,1.77821898460388,NaN,0.590749502182007,2.70708155632019,0.198454529047012,2.54015803337097,1.81943809986115,2.14817261695862,2.02269744873047,2.09762191772461,1.92546617984772,2.72286605834961,0.561027824878693,NaN,0.646560430526733,-0.603406131267548,1.77692496776581,0.788373708724976,-0.126629620790482,-0.864935278892517,2.39628171920776,3.04126334190369,-0.2710140645504,NaN,NaN,2.17040395736694,1.06371736526489,2.18197131156921,NaN,1.3541032075882,NaN,1.40038084983826,1.50780653953552,1.04042458534241,0.320517539978027,NaN,0.29994210600853
Q92597;Q92597-3;Q92597-2,-0.518843710422516,-0.293945759534836,0.0069919191300869,-0.397825956344604,-1.09445357322693,-1.48917281627655,0.256716132164001,-0.664402842521667,-1.24990403652191,-0.817287027835846,0.402418404817581,0.385680705308914,-0.521702349185944,0.412512421607971,-0.0159778166562319,-0.221255958080292,-0.992750227451324,-0.32634237408638,-1.95813548564911,-1.30872988700867,-0.554086744785309,-0.991496026515961,-1.14701128005981,-0.717224776744843,-0.278929263353348,-0.201371401548386,-0.92948991060257,-1.2160849571228,-2.56415343284607,-0.154861241579056,-1.22102284431458,0.92592465877533,-1.35284268856049,-1.40633451938629,-1.38508248329163,-1.20105826854706,-0.486445069313049,-0.963758766651154,-0.429588913917542,-0.945632457733154,-1.01027119159698
P21283,-0.28997066617012,-0.475581228733063,0.542630612850189,0.860681354999542,-0.623673439025879,-0.460802912712097,0.267013430595398,0.934804797172546,-0.751972317695618,0.576905012130737,0.883526563644409,0.724642872810364,0.435747683048248,0.511527955532074,0.0322791486978531,0.478901118040085,-0.468872934579849,-0.55378645658493,-0.189253926277161,-0.944997549057007,0.312309414148331,-0.459499359130859,-0.522817373275757,-0.687960565090179,0.740057587623596,-0.0926877707242966,-0.690967857837677,-0.955646336078644,-1.00525295734406,0.56715601682663,0.19211108982563,0.550892531871796,-0.638967871665955,-0.133636638522148,-0.648147106170654,-0.483494400978088,-8.49E-05,-0.301149874925613,0.235102117061615,-0.464751929044724,-0.176284343004227
P17931,2.86684489250183,1.84210777282715,2.33168435096741,3.51934027671814,2.17500805854797,0.982320189476013,3.94407367706299,1.74878919124603,0.387836933135986,1.95702624320984,3.56334924697876,2.89798188209534,3.01618027687073,2.47916746139526,2.14352869987488,2.57074594497681,0.830783367156982,NaN,0.821063697338104,-0.0885667055845261,1.85830330848694,1.68370378017426,-0.0041841366328299,1.68775963783264,2.14167952537537,3.49496102333069,-0.531686782836914,1.174595952034,-1.15534543991089,3.19471263885498,2.41490888595581,3.89372944831848,-2.34494066238403,2.28948640823364,0.664709210395813,1.82076942920685,3.56679940223694,1.39321041107178,1.99296808242798,NaN,0.487541615962982
P80723;P80723-2,-2.71158385276794,-2.65094089508057,-0.580579042434692,-0.237513273954391,-3.16931176185608,1.94254732131958,0.0234521012753248,-0.607686758041382,-4.44330358505249,-1.98375725746155,0.616447269916534,0.266000807285309,-0.411263167858124,0.585810303688049,0.00104835780803114,-1.71038019657135,-2.51306247711182,-4.00861406326294,-5.22416257858276,-2.07915544509888,-0.114486508071423,-1.60516691207886,-5.35396814346313,-3.3172459602356,-3.44588994979858,-1.20630741119385,-1.1627025604248,-2.17570805549622,-0.416630417108536,-0.00842037796974182,-3.20700740814209,-0.832303762435913,-7.24599361419678,-0.34080246090889,-0.785751760005951,-2.37976241111755,-0.782275557518005,-1.34424138069153,-1.83406698703766,-2.60411357879639,-4.07563829421997
O95864;O95864-3;O95864-4;O95864-2,-3.26905012130737,-2.83773684501648,-6.97450113296509,-6.12711143493652,-3.84829473495483,-3.22049045562744,-6.9265718460083,-4.29295015335083,-4.17819309234619,-4.21911144256592,-4.59601545333862,-5.24272346496582,-5.10506820678711,-5.72082281112671,-4.87337064743042,-5.34344911575317,-4.2456169128418,-3.98062181472778,-3.84493064880371,-2.08452796936035,-3.58126592636108,-2.42806482315063,-4.16177082061768,-4.03842306137085,-4.87367391586304,-2.52407193183899,-3.21328544616699,-2.67820239067078,-1.78059804439545,-5.60706090927124,-5.65708780288696,-5.45878887176514,-3.26448369026184,-3.69452047348022,-3.22051382064819,-4.07417106628418,-4.11310243606567,-5.14389419555664,-4.21955251693726,-1.98165690898895,-2.78370571136475
O00567,1.26945447921753,0.830865323543549,-0.172991901636124,-0.168438404798508,0.978799939155579,0.0466733388602734,-0.752814471721649,-0.452844440937042,0.764397382736206,-0.0430508516728878,-0.529648959636688,-0.389081329107285,0.0109332362189889,-0.348021626472473,0.427821666002274,-0.0344136469066143,0.56043940782547,0.681139588356018,0.335254728794098,0.995209276676178,0.544964253902435,0.779337704181671,0.915980696678162,0.722030222415924,-0.225721657276154,0.0250128973275423,0.75055867433548,1.09114825725555,0.598365008831024,-0.314756989479065,0.457873433828354,-0.31565073132515,0.751414000988007,0.615663826465607,1.32745671272278,0.739134013652802,0.366239100694656,0.500556170940399,0.492870539426804,1.16374826431274,0.827508389949799
P19440;A6NGU5;P19440-2;P36268-2;P36268;P36268-3,NaN,NaN,0.591020107269287,-0.48916107416153,-2.84577226638794,-2.85747814178467,-0.333463221788406,-2.306396484375,-3.31844019889832,-1.59011888504028,-0.196494445204735,0.231374308466911,-1.43642020225525,1.18161368370056,-0.127936646342278,-2.65457653999329,-3.58908152580261,NaN,-2.91398286819458,-0.688024759292603,-1.98822546005249,-0.662268102169037,-3.1850311756134,-3.37776923179626,NaN,-2.45733451843262,-2.7002968788147,NaN,-3.84337019920349,-0.789280772209167,-3.50162720680237,-0.536836981773376,-2.26044416427612,-1.74893808364868,-1.22264719009399,-3.44825720787048,-0.369288504123688,-1.68390512466431,-2.5647611618042,NaN,-2.65673494338989
Q86Y82,-0.427138686180115,-0.217271968722343,0.835051000118256,1.04216051101685,-0.372718423604965,0.0264443010091782,0.218219965696335,0.524459183216095,-0.724618375301361,1.06145334243774,0.5795539021492,0.602407336235046,0.45001095533371,0.776906609535217,0.497036129236221,-0.124580733478069,-0.547780990600586,-1.03848958015442,0.127726405858994,-0.0960186570882797,0.142248809337616,0.965396761894226,-0.174008816480637,-0.490817219018936,0.367776453495026,0.443874001502991,-0.680551409721375,-0.600694954395294,-1.01290917396545,0.548134446144104,-0.298669189214706,0.260177493095398,-0.473567068576813,0.00822553224861622,-0.326856285333633,-0.50216269493103,1.21514618396759,0.496216922998428,-0.664736986160278,-0.219863250851631,-0.425545960664749
Q9NUJ1;Q9NUJ1-2,1.53700852394104,1.32774519920349,0.919283986091614,0.466078817844391,2.30613827705383,1.18208622932434,0.267605662345886,0.661056280136108,2.24408578872681,1.6581928730011,0.216596335172653,0.594079196453094,0.836963713169098,0.557785272598267,1.41368925571442,1.28420054912567,2.04886841773987,1.14663362503052,1.76665282249451,1.94935429096222,1.47647845745087,1.52727794647217,2.10996532440186,1.38010084629059,0.411294251680374,1.2065178155899,1.11866056919098,1.66517603397369,2.4071524143219,0.951224088668823,1.78136134147644,0.850025713443756,2.49743795394897,1.37732970714569,1.72251522541046,2.02510547637939,1.32622361183167,1.67801427841187,1.6421514749527,1.42700827121735,1.98274374008179
P61421,0.295609921216965,0.606222331523895,1.30549108982086,1.22062134742737,-0.339885950088501,-0.872022926807404,0.991624355316162,1.10263502597809,-0.166389465332031,1.35636281967163,0.914536237716675,0.942308068275452,0.614493072032928,1.20827972888947,1.03985154628754,0.480794697999954,-0.411195188760757,-1.07940948009491,-0.133297428488731,-0.0210183281451464,0.622558236122131,1.07283329963684,-1.05477845668793,-0.897004723548889,0.683436989784241,0.782453954219818,-1.14335680007935,-0.534084379673004,-0.709686517715454,0.73584908246994,0.0438266061246395,1.04644060134888,-0.409652382135391,1.74128091335297,-0.109448611736298,-0.245641231536865,1.36048531532288,0.686201214790344,0.821058452129364,0.285281300544739,-0.822139918804169
O75348,0.181625783443451,0.0164670906960964,0.98430609703064,1.33731329441071,-0.16069883108139,-0.373115301132202,1.03281509876251,1.37864863872528,-0.243794098496437,1.0395599603653,1.07885324954987,1.21382427215576,1.05425608158112,1.08855926990509,0.94631963968277,0.964373111724854,-0.129541248083115,-0.0894351378083229,0.349542528390884,-0.444278389215469,0.741964995861053,-0.226096168160439,0.350714832544327,-0.243269562721252,1.08799982070923,0.655201256275177,-0.394117802381516,-0.931085050106049,-0.620258390903473,1.15706634521484,0.352700442075729,1.31961727142334,-0.347561329603195,0.176269978284836,-0.35842227935791,0.0487372986972332,0.847856104373932,0.525173664093018,0.67724072933197,-0.502601385116577,0.524576723575592
Q92922,0.0485304556787014,-0.0223417896777391,-1.70460259914398,-1.36847937107086,0.297405302524567,-1.34103834629059,-1.46692180633545,-0.768116891384125,0.330867677927017,-0.0251933950930834,-1.42189133167267,-1.67146563529968,-1.01654100418091,-1.75165998935699,-0.728465735912323,-0.596919298171997,-0.0885631293058395,-0.168989688158035,-0.455675810575485,0.0235093012452126,-0.407561302185059,-0.337746232748032,-0.281472831964493,-0.358292877674103,-1.1087441444397,-0.551368653774261,0.782901883125305,0.83775532245636,1.09943068027496,-1.49565804004669,-0.319023430347443,-1.93533039093018,0.949535131454468,-0.567940890789032,-0.0540260300040245,0.10093130171299,-0.873251736164093,-0.169094488024712,-0.50489616394043,0.464485853910446,-0.294700413942337
Q9BY43;Q9BY43-2,-0.0326355025172234,-0.612138509750366,-0.418855637311935,0.452888786792755,-0.236741274595261,0.262409418821335,0.821016848087311,0.261227190494537,-0.491755157709122,-0.582449078559875,0.467171341180801,0.430470079183578,0.139226272702217,0.37768766283989,-0.378469407558441,0.372075080871582,0.253402233123779,0.0457632020115852,-0.528536736965179,-1.30075764656067,-0.136214464902878,-1.21897804737091,-0.257120132446289,-0.122306175529957,0.760269820690155,-0.470266878604889,-0.0564988292753696,-0.893906950950623,-1.03730690479279,0.456562966108322,0.238876789808273,0.850684881210327,-0.740322947502136,-0.841627776622772,-0.981167316436768,-0.341567605733871,-0.694272458553314,-0.913969993591309,-0.543809115886688,-1.15487825870514,-0.501581788063049
Q96GQ5,1.49450480937958,1.22041702270508,0.41615217924118,-0.459940373897552,1.68727314472198,NaN,-1.2214982509613,-0.0860692486166954,0.94100147485733,0.153664156794548,-0.336449712514877,-0.195007994771004,-0.313097685575485,0.204109892249107,1.04985022544861,0.320024996995926,1.16895711421967,0.960624575614929,0.849281191825867,0.896540522575378,1.60313105583191,1.0560907125473,0.327230215072632,2.19141530990601,-0.267862439155579,0.986373543739319,0.968246757984161,1.08184432983398,1.76832377910614,-0.351210683584213,0.3189817070961,0.544885575771332,1.9029541015625,1.33273458480835,1.33812487125397,1.0705760717392,1.03926992416382,1.53746056556702,0.881693482398987,1.45999693870544,0.18089060485363
P0DPB6,0.00306559982709587,-0.0836321488022804,-1.60000431537628,-1.28917646408081,-0.407859683036804,-0.636303603649139,-1.22545182704926,-1.60359191894531,0.279347032308578,NaN,-1.47714924812317,-1.30478119850159,-1.14606153964996,-1.51727986335754,-0.840929925441742,-1.04815804958344,-0.703671336174011,-0.127352252602577,-0.499148160219193,0.214999958872795,-0.893187344074249,-0.277142316102982,0.259911149740219,-0.12606506049633,-1.35572719573975,-0.728942394256592,-0.179315999150276,0.0138386357575655,-0.084606446325779,-0.901027262210846,-0.441731959581375,-1.1545135974884,-0.0422833785414696,-1.04792857170105,-0.20915524661541,-0.379507422447205,-0.639716804027557,-0.428890496492386,-1.02337288856506,0.293923258781433,0.435412794351578
Q96ME7-3;Q96ME7;Q96ME7-2,2.3396143913269,2.09460091590881,0.398098409175873,0.288480311632156,1.85893857479095,1.08783996105194,0.160709172487259,0.259910196065903,1.67926490306854,0.770386219024658,-0.0953586995601654,0.216525569558144,0.710780441761017,0.226126804947853,0.90886253118515,0.717168033123016,1.97573363780975,1.88047850131989,1.2914137840271,1.49466454982758,1.35551345348358,1.10317540168762,1.75700318813324,2.49128103256226,0.291693866252899,0.730477333068848,2.06408405303955,2.00855779647827,1.6794046163559,0.406391531229019,1.35454082489014,0.0470556914806366,2.10096979141235,1.37604522705078,2.37522959709167,1.98736774921417,0.99168860912323,1.26742470264435,1.3682678937912,1.99963450431824,1.50960624217987
Q8WUM4;Q8WUM4-2,-0.131646409630775,-0.612290799617767,-0.0230289436876774,0.384984850883484,-0.327376484870911,0.379081755876541,0.295856773853302,0.378026753664017,-0.489316046237946,-0.24604532122612,0.491712987422943,0.645289182662964,0.36065673828125,0.40018093585968,-0.117373146116734,0.617013812065125,-0.161308437585831,-0.00766690308228135,0.187168195843697,-1.43762731552124,0.449514597654343,-1.05148923397064,0.102512739598751,-0.56740266084671,0.461105763912201,-0.705246031284332,-0.31086477637291,-1.11783373355865,-0.738872706890106,0.529874861240387,0.365296900272369,0.421728193759918,-0.519482135772705,-0.382803469896317,-0.932320296764374,-0.452623635530472,-0.63543438911438,-0.726450443267822,0.372997164726257,-1.40345513820648,0.117330327630043
Q56VL3,2.8384153842926,1.73345530033112,NaN,-0.455541342496872,1.81209814548492,0.229675695300102,0.221986219286919,-0.308603286743164,0.933903157711029,-1.06071496009827,NaN,NaN,0.906773328781128,-0.257472157478333,1.5081068277359,-0.0616541281342506,1.98107767105103,1.39940178394318,2.30059814453125,2.04994773864746,1.66814136505127,1.78471541404724,1.83959543704987,NaN,0.151261672377586,-0.518402218818665,-0.432325214147568,2.24901175498962,3.82935428619385,NaN,1.69269812107086,NaN,3.35492157936096,0.968006610870361,2.83522987365723,2.66322684288025,0.0886302888393402,2.49087738990784,1.67907583713531,2.31769204139709,2.56658315658569
Q9H098;Q9H098-2,-0.0766029730439186,-0.609392523765564,-0.366295516490936,0.0399248637259007,-0.481925368309021,-0.668102741241455,1.00514960289001,0.000842999259475619,-2.17762756347656,-1.08202838897705,0.71886670589447,0.449644267559052,0.102969370782375,0.461175620555878,-0.738643646240234,0.187312319874763,-0.763328313827515,-0.619239211082459,-2.72930574417114,-1.89693713188171,0.124419175088406,-1.93359971046448,-2.10727167129517,-0.973861694335938,0.355280131101608,-0.64680403470993,-0.0362139157950878,-1.36937701702118,-1.56966423988342,0.56952303647995,-0.430561393499374,1.2824010848999,-2.62933039665222,-1.20529389381409,-0.902581453323364,-0.947334766387939,-1.14941847324371,-0.976855456829071,-0.91479504108429,-1.01134431362152,-0.999915480613709
P09467,-1.05760824680328,-0.718147695064545,1.78266727924347,2.7418897151947,0.992871820926666,-0.672185003757477,3.1440908908844,2.51440382003784,-1.15480768680573,2.1564040184021,2.47400212287903,2.11884307861328,2.31464171409607,1.61599373817444,-0.0961980372667313,1.46675956249237,0.0680941566824913,-1.56237804889679,-2.32548999786377,-0.872660934925079,0.942171454429626,-0.633751392364502,-1.55567538738251,1.79011416435242,1.36112606525421,0.750168025493622,-1.71581137180328,-1.13597583770752,-2.9769229888916,2.32117080688477,1.44975996017456,2.62623262405396,-2.66133236885071,-1.45774507522583,0.956477582454681,0.907136976718903,2.33028364181519,1.01270174980164,0.3565953373909,-0.833002924919128,-1.06235218048096
Q9NZI8;Q9NZI8-2,-3.49978804588318,-4.46844530105591,-4.44187211990356,-4.48600769042969,-5.14253854751587,-4.38896417617798,-7.26874017715454,-4.42160272598267,-6.03731822967529,-3.86352396011353,-4.35886669158936,-3.80089163780212,-5.79795837402344,-4.86765480041504,-5.15893125534058,-3.466313123703,-4.12127876281738,-3.92420840263367,-5.28462409973145,-3.35175728797913,-2.04490280151367,-3.1782021522522,-3.94357442855835,-5.17625904083252,-2.3478479385376,-7.31135845184326,-3.12023735046387,-1.88962185382843,-4.44416427612305,-6.04254865646362,-2.86797213554382,-3.34507870674133,-3.92279458045959,-2.08210062980652,-3.05043292045593,-5.17573690414429,-5.24102830886841,-4.94172716140747,-3.65311074256897,-2.30613851547241,-5.62837886810303
Q9UBD5;Q9UBD5-2;Q9UBD5-3,0.0919633358716965,-0.121907353401184,-0.962440252304077,-0.835134088993073,-0.243094220757484,-0.121211118996143,-0.928544282913208,-0.833486974239349,0.0735288187861443,-0.765411078929901,-0.891397833824158,-0.936996459960938,-0.825011253356934,-0.894058108329773,0.014182910323143,-0.825127363204956,0.176673531532288,-0.191243872046471,-0.351712167263031,0.188483893871307,-0.554844617843628,-0.341028809547424,0.0506817810237408,-0.104379162192345,-1.58911681175232,-0.140077382326126,0.258750855922699,0.11146504431963,0.771328866481781,-0.85001802444458,-0.121565155684948,-0.909300804138184,0.138373106718063,0.0211236011236906,-0.0646418556571007,0.124711714684963,-0.51304566860199,0.186170533299446,-0.50713849067688,0.257499903440475,-0.289744466543198
Q86TX2,0.511430382728577,0.944503664970398,0.0650227889418602,-0.206789553165436,0.804594933986664,0.533057689666748,-0.563323199748993,-1.11908948421478,1.39907240867615,0.386074423789978,-1.10136890411377,-0.300847142934799,0.162474006414413,-0.370294749736786,0.0690412297844887,-0.388334363698959,1.03369414806366,-0.222641840577126,1.45367014408112,1.440305352211,0.3316690325737,0.849758803844452,1.48600733280182,0.730214834213257,-0.358327507972717,-0.82262921333313,0.0035607332829386,1.19744026660919,1.95209419727325,-0.116133034229279,0.734326124191284,0.0770746693015099,1.73193693161011,0.699230492115021,1.66468715667725,0.229494601488113,0.287475556135178,-0.0924112126231194,0.655964612960815,0.93805593252182,1.47682774066925
P02730;P02730-2,5.42267179489136,0.316495954990387,1.30285394191742,0.207951784133911,2.45603895187378,1.99317836761475,3.42548561096191,2.06602358818054,NaN,2.94087791442871,NaN,NaN,2.68249177932739,2.23239850997925,1.25166976451874,1.72279334068298,3.77428865432739,4.66276836395264,3.36262774467468,NaN,3.60342764854431,3.61692953109741,2.74994874000549,NaN,2.31845164299011,NaN,2.34256196022034,4.36932563781738,2.597989320755,NaN,2.42688369750977,1.5101672410965,4.99304819107056,4.15449047088623,3.83650851249695,3.32328176498413,NaN,NaN,5.12704563140869,3.58354997634888,NaN
Q8N4C6-7;Q8N4C6-11;Q8N4C6;Q8N4C6-10;Q8N4C6-4;Q8N4C6-9;Q8N4C6-2;Q8N4C6-5;Q8N4C6-6,NaN,NaN,0.637030184268951,NaN,0.811629176139832,NaN,0.534918606281281,NaN,1.49685835838318,NaN,0.155161142349243,NaN,0.403912335634232,0.306218802928925,0.149052336812019,NaN,1.35950374603271,NaN,NaN,NaN,NaN,0.88899689912796,0.6946821808815,2.30511212348938,NaN,NaN,NaN,NaN,NaN,NaN,NaN,1.11948907375336,NaN,NaN,NaN,1.12135970592499,0.558713674545288,1.85077965259552,NaN,NaN,NaN
Q06587;Q06587-2,0.929957568645477,1.0170396566391,-0.3763048350811,-0.641326487064362,0.274988979101181,-0.313608586788177,-0.47886136174202,-1.13927042484283,0.396427392959595,-0.414909601211548,-0.454849034547806,-0.825496315956116,-0.438230812549591,-0.798162698745728,-0.139975100755692,-0.349201112985611,0.437306225299835,1.32197260856628,-0.44856271147728,0.139141395688057,0.151966705918312,-0.0344283655285835,-0.418823152780533,0.981439173221588,-0.838241100311279,0.0751437991857529,0.898965239524841,1.41341376304626,0.626190960407257,-0.64682799577713,0.106848061084747,-0.840823531150818,0.770649075508118,0.249664530158043,1.34848690032959,0.38600480556488,-0.0993895530700684,0.389629423618317,-0.0254521332681179,1.04066848754883,0.296013593673706
Q96JG6;Q96JG6-3,NaN,NaN,0.491072684526443,1.11112809181213,0.175713449716568,0.652564585208893,0.778164148330688,0.940613389015198,0.72886049747467,0.430016487836838,1.0648500919342,0.546171247959137,1.0962438583374,-0.463889479637146,NaN,0.705991446971893,-0.0211824495345354,0.456529647111893,0.878565907478333,0.350852847099304,0.178235039114952,NaN,NaN,0.0747326463460922,-0.234411686658859,NaN,NaN,NaN,-0.052543543279171,1.26528799533844,-0.552023947238922,NaN,0.243053048849106,NaN,-0.588879704475403,-0.304787456989288,-0.100253723561764,0.979908585548401,NaN,NaN,-0.0732350051403046
Q96BX8,-0.188751757144928,0.0949246808886528,-0.634657144546509,0.388389497995377,-0.255865842103958,0.173814058303833,0.851548731327057,0.630836427211761,-0.9990354180336,-0.756932735443115,0.796501219272614,0.443591952323914,0.552258789539337,0.441895455121994,-0.240919515490532,0.196620926260948,0.185280486941338,-0.00596840865910053,-1.49513399600983,-1.48591387271881,0.0283829905092716,-1.79971551895142,-0.745992183685303,-0.2314433157444,1.22133886814117,-0.635247588157654,0.759152948856354,-1.21190738677979,-0.889421343803406,0.530262410640717,-0.116290636360645,0.804526507854462,-1.34308922290802,-0.930010378360748,-0.73668909072876,-0.538243174552917,-0.730506300926209,-0.870646238327026,0.119708351790905,-0.741153299808502,-0.181029960513115
Q7Z5R6,0.499891191720963,0.429664552211761,0.821273863315582,1.47548818588257,0.88910573720932,0.46671199798584,1.53425276279449,1.77198255062103,0.807765901088715,1.23705792427063,1.62945508956909,1.4709529876709,1.3733606338501,1.4219514131546,1.39938998222351,2.04431128501892,1.54533636569977,0.579435467720032,0.482853353023529,-0.611647248268127,1.26109743118286,-0.582082152366638,0.746253371238709,0.272144705057144,1.40405011177063,0.788418114185333,1.15052056312561,-0.628248810768127,0.0860677510499954,1.69452023506165,1.88796627521515,1.4121595621109,0.388093262910843,0.291965335607529,-0.18718446791172,0.960143268108368,0.699399530887604,0.359938144683838,1.34153640270233,-1.06456518173218,1.22982335090637
Q9UBS0,NaN,NaN,-0.283742904663086,NaN,-0.154153451323509,0.426597684621811,0.518592953681946,NaN,NaN,NaN,NaN,0.101853504776955,0.278820127248764,NaN,NaN,-0.520654737949371,-0.00695175630971789,0.321935445070267,0.0122213298454881,NaN,-0.438336282968521,NaN,-0.245456144213676,-0.67046183347702,0.266422241926193,NaN,0.658328711986542,NaN,-0.479016482830048,NaN,NaN,-0.644295513629913,-0.796424388885498,NaN,NaN,-0.457107424736023,-0.632838845252991,-0.885700166225433,NaN,NaN,-0.145376667380333
Q9Y5K8,0.313674688339233,0.350409656763077,1.05681884288788,1.1246942281723,-0.00832880381494761,0.00276247318834066,1.02266335487366,1.00012505054474,-0.576914966106415,0.824467480182648,1.19194090366364,1.19269442558289,0.975605666637421,1.06609654426575,0.880960583686829,0.822502553462982,-0.109592869877815,0.247992545366287,0.668472290039063,-0.754287481307983,0.709506630897522,-0.00666285865008831,0.580085694789886,-0.0358443334698677,0.91638058423996,0.803886413574219,-0.247120872139931,-0.915210843086243,-0.541284203529358,1.07592988014221,0.309776365756989,1.36214756965637,-0.152592882514,0.442953675985336,-0.448109596967697,-0.0960140600800514,0.723354697227478,0.515858829021454,0.684287071228027,-0.0671373605728149,0.408608317375183
Q9NXF1-2;Q9NXF1,1.0827202796936,0.650817096233368,-0.457305878400803,-0.273237973451614,1.09895312786102,-0.0655550211668015,-0.610279381275177,0.0136621044948697,1.16297924518585,0.268903017044067,-0.665539383888245,-0.312118053436279,-0.18887747824192,-0.442019075155258,0.457880973815918,0.24839261174202,0.866161167621613,0.109945252537727,-0.328128546476364,1.03803873062134,0.78022426366806,0.667912900447845,1.10788691043854,0.317270904779434,-0.707432389259338,0.0181463807821274,0.954726934432983,1.38354909420013,1.22788286209106,0.019895363599062,0.786269307136536,-0.470954716205597,1.04547727108002,0.387287318706512,1.55719637870789,1.14977967739105,0.193052634596825,0.776108026504517,0.673742294311523,0.906549096107483,0.688127875328064
Q13217,-2.20461797714233,-0.852173745632172,-0.354191869497299,-0.336114376783371,-1.6072564125061,-0.118785321712494,-0.321890711784363,-0.156501635909081,-1.59386539459229,-0.0574189350008965,-0.191354528069496,-0.665279865264893,-0.817440211772919,-0.195217877626419,-0.515594065189362,-1.29887783527374,-1.9025022983551,-1.91305601596832,-1.15978574752808,-0.545327544212341,-1.34419083595276,-0.359525442123413,-1.76812493801117,-1.27042150497437,-0.792432546615601,-0.220885753631592,-2.01709771156311,-1.86083590984344,-1.48120641708374,-0.582227826118469,-1.91131579875946,-0.332708209753037,-1.26995813846588,-0.766024351119995,-1.32869827747345,-1.60743927955627,-0.0229774750769138,-0.360538482666016,-1.11935997009277,-1.17765462398529,-1.57645189762115
Q9H9Y6;Q9H9Y6-3;Q9H9Y6-2;Q9H9Y6-4;Q9H9Y6-5,0.360514491796494,0.310084223747253,-1.82827079296112,-1.29739487171173,-0.15491609275341,-0.264355301856995,-1.34534180164337,-1.80630075931549,0.0460943542420864,-1.04450666904449,-1.33797526359558,-1.3755134344101,-0.803206920623779,-1.48565351963043,-0.654492676258087,-1.1491711139679,-0.383836597204208,-0.446423470973969,-0.245842605829239,0.766154587268829,-0.620673477649689,0.108906827867031,0.676898598670959,0.257585048675537,-1.84499537944794,-0.495498716831207,0.258984535932541,0.0998469442129135,-0.122597850859165,-0.750115633010864,-0.529587805271149,-2.0890748500824,0.0559651963412762,-0.639744341373444,0.212936207652092,-0.340913891792297,-0.509461462497711,0.110793352127075,-0.855706572532654,0.607918322086334,0.501763522624969
Q96HY7,1.7281448841095,1.05978846549988,-0.498320728540421,-0.395410448312759,2.08752179145813,-0.485143005847931,-1.84625375270844,-0.181790918111801,0.224728778004646,0.534027874469757,-0.453590214252472,-0.159480676054955,-0.600829720497131,-0.910460412502289,-0.500064492225647,1.33143651485443,0.851751565933228,-0.553504288196564,1.14076948165894,0.310911864042282,1.30722677707672,0.38736629486084,1.65893232822418,-0.778774380683899,-0.386001527309418,-0.988323152065277,1.88409757614136,1.50566160678864,1.74800622463226,-1.47216260433197,1.4435795545578,-0.0166903268545866,2.00482892990112,1.12003123760223,0.748815655708313,1.90500366687775,-1.09412741661072,1.64631927013397,1.33256363868713,1.16958570480347,1.65217912197113
P49591,0.110182598233223,-0.766391694545746,-0.227739825844765,0.215468928217888,-0.624350965023041,0.655054807662964,0.561089277267456,0.274217247962952,-1.06381261348724,-0.5501828789711,0.330988973379135,0.360902696847916,0.499576926231384,0.407321900129318,-0.307951956987381,0.23633548617363,-0.0998606979846954,0.178633689880371,-0.0218107011169195,-1.4121208190918,0.0669405460357666,-1.10615360736847,-0.634141981601715,-0.521546304225922,0.579472959041595,-1.21737051010132,-0.347712814807892,-0.84622997045517,-1.02217674255371,0.384722322225571,-0.0364633277058601,0.591610908508301,-1.05201148986816,-0.507046103477478,-1.08618557453156,-0.562801122665405,-0.934147238731384,-1.15649056434631,0.208817690610886,-1.13694262504578,-0.052968192845583
Q9H6W3;Q9H6W3-2,-0.231412395834923,-0.814014792442322,-0.882899641990662,-1.65648996829987,0.663207530975342,0.198965221643448,-0.49318590760231,-0.634379982948303,0.902291536331177,-0.552163243293762,-1.01911962032318,-1.18099510669708,-0.787509620189667,-1.07039999961853,-0.395148307085037,0.0991443917155266,0.237956166267395,0.302135348320007,0.00297799543477595,-0.172854080796242,0.092430517077446,-0.357564747333527,1.14641213417053,0.13960163295269,-0.4358049929142,-0.737527072429657,0.639733195304871,-0.124000266194344,1.35808575153351,-1.18154525756836,0.146652370691299,0.155838876962662,0.618344902992249,-0.0262556653469801,0.332889795303345,0.241288423538208,-1.46592366695404,-0.400514930486679,-0.259275287389755,-0.0790015459060669,-0.766461491584778
Q13568-5;Q13568-4;Q13568;Q13568-3;Q13568-2,NaN,-1.1449328660965,0.344297468662262,1.36113965511322,0.354273587465286,-0.453020095825195,1.09684836864471,0.638811349868774,0.207443699240685,0.490131109952927,0.854634582996368,1.1008563041687,0.586312174797058,0.62767219543457,-0.0300305187702179,1.11219692230225,0.124561011791229,-0.866938233375549,-0.423796594142914,-0.878716707229614,0.241031348705292,-0.800641417503357,0,-0.927267611026764,0.806684732437134,-0.0842058435082436,-0.171236932277679,NaN,-0.625307381153107,1.05133008956909,0.528319418430328,0.808267712593079,-0.0108537804335356,-1.32718741893768,-0.856058776378632,0.734313130378723,-0.0815596953034401,-0.353385180234909,-0.430375993251801,NaN,0.0504668727517128
Q9HAB8;Q9HAB8-2,-0.332683563232422,-0.541872382164001,-0.951769888401031,0.190371543169022,-1.20954442024231,0.0112748770043254,-0.0386802405118942,-0.218935400247574,-1.4650890827179,-1.33835673332214,0.443823546171188,0.237047642469406,0.122559651732445,0.00170372892171144,-0.747107863426209,-0.350976854562759,-0.603478789329529,-0.0568096004426479,-0.495332062244415,-1.54613590240479,-0.35954162478447,-1.79160070419312,-0.407801985740662,-0.788798093795776,0.165654003620148,-2.17058801651001,-1.11591684818268,-1.30090522766113,-1.22670304775238,0.0873761773109436,-0.887473881244659,-0.189462095499039,-1.09128594398499,-1.24244391918182,-1.27112197875977,-0.84337329864502,-1.24380075931549,-1.20562124252319,-0.396145910024643,-1.54019260406494,-0.425419747829437
P29590,1.86939287185669,2.03796005249023,0.824165999889374,0.817115664482117,2.07368469238281,1.05183398723602,1.41593980789185,0.858131468296051,2.54503083229065,1.34173953533173,0.36821049451828,0.757122695446014,1.03068113327026,0.739038646221161,1.87873530387878,1.65793371200562,2.50874590873718,1.03521609306335,1.34810125827789,1.73120510578156,1.63433444499969,1.69497632980347,2.68968653678894,1.8268848657608,0.401444882154465,1.36340188980103,1.78518736362457,1.98113000392914,2.05361151695251,1.11740136146545,2.41670346260071,0.685715019702911,1.71439337730408,2.07703852653503,2.62610507011414,2.44010829925537,1.7123247385025,1.84193122386932,2.09742403030396,1.66803085803986,2.0104546546936
Q9BRJ6,0.358876585960388,0.413724452257156,-1.19125068187714,-1.13595807552338,1.13479709625244,-0.00231836247257888,-0.255094707012177,-1.07429599761963,0.437562882900238,-0.626063048839569,-1.06589889526367,-1.40094101428986,-0.611116945743561,-1.69045186042786,-0.230851545929909,-0.474940598011017,0.171050906181335,0.247284770011902,0.256628781557083,0.150401994585991,0.00865411385893822,-0.173601239919662,0.208806499838829,0.285031110048294,-0.457642316818237,0.506352543830872,0.216338008642197,0.38973131775856,1.06148028373718,-0.865797758102417,0.403450787067413,-1.20802068710327,0.906897008419037,-0.230090767145157,0.451219409704208,0.839176416397095,-0.265086531639099,-0.128445222973824,-0.750303149223328,0.467308461666107,0.683157742023468
Q02252;Q02252-2,2.28783774375916,2.19968938827515,1.29370832443237,0.926410615444183,2.68326044082642,1.38426530361176,0.565394759178162,1.32418644428253,2.41747641563416,1.73016273975372,0.554615497589111,0.892931759357452,1.09604120254517,0.933076143264771,2.0480649471283,1.71755373477936,2.76107716560364,2.16453146934509,2.26342463493347,2.83388113975525,1.98647832870483,2.13538599014282,2.6691734790802,2.24686026573181,0.646949231624603,0.741259455680847,1.24507784843445,2.0264618396759,2.58707618713379,0.958933651447296,2.41795325279236,0.871254146099091,2.6863124370575,1.99548995494843,2.0570764541626,2.82399320602417,1.84922420978546,1.9694676399231,2.1438090801239,2.0217080116272,2.2688570022583
Q9P2R3;Q9P2R3-2;Q9P2R3-4,-0.381520062685013,-0.252632856369019,0.929157435894012,1.20503318309784,-0.015263537876308,0.305645048618317,0.871109068393707,1.02673578262329,-0.226612597703934,0.791884422302246,1.03897523880005,0.797611057758331,0.797521352767944,0.737428963184357,0.638362228870392,0.553261339664459,0.00859187450259924,0.208876699209213,0.00979354791343212,-0.528836786746979,0.508996367454529,-0.0410608872771263,0.0295973271131516,0.205121830105782,1.07722806930542,0.508836627006531,0.150132924318314,-0.23681652545929,-0.560439348220825,0.953892648220062,0.306704342365265,0.687333762645721,-0.804679691791534,0.626365959644318,-0.236712127923965,0.0194691959768534,0.669888317584991,0.197867199778557,0.751549363136292,-1.01714491844177,-0.090174987912178
Q96E39,1.75873398780823,1.44381999969482,0.405921161174774,0.506694197654724,1.42841148376465,0.49897626042366,-0.502622306346893,0.415513932704926,1.71311664581299,1.06078124046326,0.429792642593384,0.0627902373671532,0.564152657985687,0.267525523900986,0.962781369686127,1.0360609292984,1.68868970870972,1.29461991786957,0.292993634939194,1.05235934257507,1.24523818492889,1.15636217594147,NaN,1.32554256916046,0.0658839195966721,1.25698053836823,1.68571269512177,2.03052425384521,1.09547090530396,1.22324204444885,2.33413505554199,0.0546720065176487,1.47750735282898,0.949816763401031,2.10261011123657,1.07137644290924,1.06594741344452,1.28380537033081,1.28662955760956,1.40028989315033,0.644678831100464
P61586,-0.0531452707946301,-0.104659236967564,0.316262930631638,1.03768455982208,0.0467228889465332,0.806403279304504,0.888616681098938,1.13363206386566,-0.0665661469101906,0.071508601307869,1.02440738677979,1.11734521389008,0.783239424228668,0.787311494350433,0.592931270599365,1.06690919399261,0.28766068816185,0.545231759548187,0.400910466909409,-0.867137253284454,0.781443774700165,-0.643734037876129,0.280639797449112,-0.000150867665070109,0.973597347736359,-0.0128380656242371,0.296327739953995,-0.626407325267792,-0.556961297988892,0.890617251396179,0.818621754646301,0.998603284358978,-0.487695008516312,0.416825860738754,-0.449947625398636,0.0902921557426453,0.119345597922802,-0.447009414434433,1.08403074741364,-1.11300110816956,0.0939362794160843
Q15437,-1.59905350208282,-1.36190235614777,-0.58505380153656,-0.585010528564453,-1.32683908939362,-0.324735939502716,0.0560624822974205,-0.59625768661499,-1.69786071777344,-0.738173723220825,-0.200763300061226,-0.332571357488632,-0.730939984321594,-0.326894193887711,-0.720002174377441,-0.994940578937531,-1.27404260635376,-0.887712895870209,-1.12819921970367,-1.1024934053421,-1.38054502010345,-1.20243644714355,-1.44238698482513,-1.36086189746857,-0.422208935022354,-0.507538199424744,-1.54545605182648,-1.15123701095581,-1.32700729370117,-0.358026772737503,-1.41377568244934,0.0183010790497065,-1.46911001205444,-1.30284309387207,-1.38299930095673,-1.50981497764587,-0.78596818447113,-1.06692004203796,-1.30850267410278,-1.14966523647308,-1.40436089038849
O00160,-0.35817289352417,-0.130213499069214,1.21989166736603,1.39773046970367,0.690308153629303,-0.192910760641098,1.12764716148376,1.63366866111755,0.347167521715164,1.27504372596741,1.4420793056488,1.29885017871857,1.14886856079102,1.27365863323212,0.9515181183815,1.49220275878906,0.454465597867966,0.279705435037613,-0.89839369058609,-0.737088680267334,1.1650972366333,0.000499102170579135,-0.54091477394104,0.000436292961239815,1.38744521141052,0.685896635055542,0.202139765024185,-0.407734841108322,-0.582190454006195,1.22877418994904,1.12853765487671,1.27564561367035,-0.767072319984436,1.38398945331573,0.217009350657463,0.296780496835709,0.765824198722839,0.442189931869507,1.56708252429962,-1.22803544998169,-0.183692768216133
Q9UHN1,0.703554749488831,0.290260553359985,-0.218998119235039,NaN,0.913102507591248,-0.74066424369812,-1.34116411209106,-0.104240447282791,0.80362594127655,-0.27330282330513,NaN,-0.532430350780487,0.0205790549516678,-0.514552175998688,NaN,-0.198491930961609,0.389457255601883,0.117768213152885,0.515275537967682,1.36030185222626,0.681272506713867,0.697257697582245,0.857441663742065,0.523415267467499,NaN,0.29674220085144,-0.0124835092574358,0.935115277767181,1.01804077625275,-0.51844996213913,0.200901165604591,-0.385302603244781,1.19812667369843,0.19593933224678,0.444465190172195,0.601464152336121,-0.101836666464806,0.991742968559265,NaN,0.801668703556061,0.156278908252716
Q14012,-0.172678142786026,-0.589217841625214,0.17913618683815,1.66029500961304,-1.2670511007309,2.82696676254272,1.34334111213684,-1.1571444272995,0.302195340394974,-2.2533483505249,1.86743545532227,0.921013534069061,0.877611041069031,1.05843138694763,0.319860905408859,-0.898368954658508,-1.0108677148819,-0.989487886428833,1.06385326385498,-1.10591959953308,0.0328567661345005,-1.25214159488678,-0.88923841714859,-0.158228114247322,1.12821674346924,-0.606768071651459,0.904006063938141,-1.10285234451294,-2.9295973777771,0.559683322906494,0.460065007209778,-0.966732561588287,-1.31083750724792,-1.43860876560211,-0.487219840288162,-0.0230209827423096,0.49210262298584,-0.674833536148071,-2.64936995506287,NaN,-0.00922457780689001
Q9H9L3,NaN,0.394186288118362,NaN,NaN,0.123076036572456,NaN,-1.40381622314453,-0.993930041790009,-0.0755726546049118,NaN,-0.738777160644531,-1.0182558298111,-0.677582800388336,-0.494126915931702,NaN,NaN,-0.0463516227900982,0.345927208662033,-0.357710301876068,0.16589030623436,-0.483326107263565,-0.0850266218185425,-0.237973853945732,0.217177376151085,NaN,-0.140691667795181,-0.0841279476881027,0.567301571369171,0.316093266010284,-0.648156642913818,-0.990909099578857,0.121137998998165,0.183420851826668,-0.224125653505325,0.735049784183502,0.24435105919838,NaN,0.205276176333427,NaN,0.386319875717163,-0.153087094426155
Q9Y6K1,1.27170610427856,0.780036807060242,-0.536942362785339,-0.191498175263405,2.25676393508911,NaN,-0.87160187959671,1.38826763629913,1.5385582447052,0.233034178614616,-0.268244683742523,0.202580198645592,-0.170990198850632,-0.85370671749115,-0.259867876768112,0.143280178308487,2.36780714988709,0.671207547187805,2.20561528205872,0.831419587135315,2.37158107757568,0.979595184326172,1.81598103046417,1.07505285739899,NaN,-1.22348260879517,1.57738041877747,1.72975814342499,NaN,0.395524352788925,1.63352060317993,-1.20762133598328,2.65843439102173,NaN,1.38168513774872,1.81583201885223,0.373229026794434,0.954239368438721,1.57059121131897,0.780256330966949,0.404942035675049
Q15382,-0.888566315174103,-1.21266496181488,-1.10089588165283,-0.274245083332062,-0.901888251304626,0.356166988611221,0.279537171125412,-0.116615191102028,-1.10874259471893,-1.04116272926331,0.0616316087543964,0.16412441432476,-0.134433597326279,-0.343573957681656,-0.856245577335358,-0.323494166135788,-1.08921098709106,-1.02510523796082,-0.0959144309163094,-1.82760441303253,-0.5318284034729,-1.97959613800049,-0.767083644866943,-0.76967853307724,-0.0173683501780033,-0.824110627174377,-1.18826913833618,-1.57531583309174,-1.66865944862366,-0.0210443008691072,0.00306966691277921,0.033214159309864,-1.48325717449188,-1.37558257579803,-1.45077192783356,-1.40545475482941,-0.990178167819977,-1.59660589694977,-0.347607254981995,NaN,-0.641184508800507
Q07864,-1.11572682857513,-1.19007992744446,-2.46874284744263,-2.80407881736755,-1.08305275440216,-1.58988118171692,-1.70640540122986,-2.15676188468933,0.215337306261063,-1.20696651935577,NaN,-1.68783915042877,NaN,-2.30865597724915,NaN,-1.95392596721649,-0.759774208068848,-1.70210576057434,-1.41826224327087,-0.572408854961395,-1.21448051929474,-0.949052631855011,-1.80547046661377,-1.51811158657074,-2.20104360580444,-0.273913621902466,0.145915761590004,-0.741317451000214,-0.198776364326477,-1.8000168800354,-0.818953633308411,NaN,-1.07065606117249,-0.850030779838562,0.14743310213089,-0.491320848464966,-1.00720202922821,-0.758613646030426,NaN,0.174454376101494,NaN
P09382,-1.17872762680054,-0.363907694816589,0.925149083137512,1.35578548908234,0.000556869781576097,-1.10121083259583,2.60095405578613,0.896349251270294,-1.16298818588257,-0.130007341504097,1.78622245788574,1.83713579177856,0.970412313938141,1.4256466627121,1.21445727348328,0.471418440341949,-0.0375381968915462,0.893157064914703,-0.325626701116562,-1.60453617572784,-1.30451107025146,-0.925085663795471,-1.591796875,0.228211835026741,0.975106358528137,1.28924739360809,0.609315693378448,-1.83215880393982,-2.56921052932739,0.993726849555969,0.344150245189667,2.10888648033142,-1.19379687309265,-1.51003336906433,-0.876884162425995,-0.377467125654221,1.08034718036652,0.537659406661987,-1.46466302871704,-0.731532335281372,-0.59977263212204
Q8TDJ6;Q8TDJ6-3;Q8TDJ6-2,-0.160408049821854,0.587302327156067,1.43951177597046,1.84044146537781,NaN,NaN,0.785872638225555,0.579547703266144,-1.55739200115204,0.90240865945816,1.97779679298401,1.37628281116486,0.885831534862518,1.01908922195435,1.39070916175842,-0.0296548195183277,-0.337701380252838,-0.396488696336746,0.242716819047928,NaN,-0.589290082454681,0.635765135288239,-0.731128692626953,-0.274578243494034,0.174690008163452,1.1910674571991,NaN,NaN,NaN,1.05026316642761,-1.04795968532562,2.01832866668701,NaN,0.545062243938446,-1.03475141525269,-0.991614997386932,1.24021291732788,1.14663028717041,-1.04329979419708,NaN,0.0665522739291191
O43852;O43852-3;O43852-5;O43852-6;O43852-10,-1.71439981460571,-1.36370694637299,-2.35058259963989,-2.02113604545593,-2.35197639465332,-0.157145783305168,-2.55409049987793,-1.83193469047546,-0.793574154376984,-2.0168354511261,-2.01232814788818,-1.47324633598328,-0.93029659986496,-2.823561668396,-1.14180839061737,-0.841682612895966,-0.641329646110535,-0.700321733951569,0.38914966583252,-0.467899203300476,-1.33121049404144,-0.737194657325745,-0.502276957035065,0.17184890806675,-1.47215819358826,-3.72794795036316,-0.982276201248169,-0.993531107902527,-0.555860877037048,-2.31717944145203,-0.954829037189484,-1.63811671733856,-0.662249505519867,-1.91316223144531,-1.32898485660553,-0.920835733413696,-1.76566314697266,-1.92600476741791,-1.4879744052887,-1.0049843788147,-1.18281710147858
P84095,-0.0154947163537145,-0.325818359851837,0.656542718410492,1.19352340698242,0.67585426568985,-0.191949903964996,1.02628147602081,1.39165496826172,0.0801213160157204,0.974715709686279,1.11783516407013,1.03209888935089,1.00131523609161,1.01793956756592,0.740418612957001,0.914397060871124,0.254434645175934,-0.0948415324091911,-0.0763632953166962,-0.510714828968048,1.07613611221313,-0.205700486898422,0.109360463917255,0.13944274187088,1.16572380065918,0.52567732334137,-0.269717067480087,-0.49131715297699,-0.21911533176899,0.893734753131866,0.822335958480835,1.07252287864685,-0.427260160446167,1.05359816551209,0.0908619463443756,0.267477929592133,0.752707481384277,0.0590684451162815,1.0348048210144,-0.886568367481232,-0.00990385748445988
P49753;P49753-2,NaN,0.965456783771515,NaN,0.0223134774714708,0.758032321929932,0.781650424003601,-0.15451742708683,-0.573159754276276,1.19964480400085,0.558068692684174,-0.45975860953331,-0.0922692641615868,NaN,0.017127538099885,NaN,-0.110169678926468,1.17613923549652,-0.0423350557684898,1.33283019065857,1.62674152851105,1.00121927261353,NaN,NaN,0.64528477191925,-0.132885351777077,-0.582839488983154,NaN,1.52305328845978,1.81748485565186,-0.0260554719716311,1.04049611091614,NaN,1.71800315380096,NaN,1.88472807407379,NaN,0.451842874288559,0.326397389173508,NaN,1.20841991901398,1.63263785839081
Q0VD83;Q0VD83-4;Q0VD83-3,-0.794831335544586,0.716696798801422,1.78773140907288,1.42620873451233,0.605769515037537,-0.327100157737732,1.85825383663177,2.05988359451294,0.764655113220215,2.10849475860596,1.51990234851837,1.49673640727997,1.16224455833435,1.58514845371246,1.66296029090881,1.26398611068726,0.05591906234622,0.169099688529968,0.148505598306656,-0.193270236253738,1.35464465618134,1.40426182746887,-0.515346348285675,0.484692931175232,1.03914141654968,2.21288418769836,-0.632916808128357,-1.03429770469666,-0.461063116788864,1.49056911468506,1.51371264457703,1.9637531042099,-0.972407281398773,0.0996628776192665,0.138293847441673,0.475239008665085,2.14852356910706,1.69014096260071,-0.0944486483931541,-0.430491983890533,-0.157454133033752
P06703,2.02843022346497,1.59901082515717,2.49233102798462,2.8869001865387,0.903722882270813,1.60508418083191,3.85864615440369,3.1306312084198,0.319081127643585,2.46132445335388,2.71981954574585,2.45749807357788,2.2832133769989,2.46871471405029,2.83820271492004,2.49198865890503,1.33094656467438,1.4997775554657,0.358216553926468,0.00452142208814621,2.14012598991394,1.27236318588257,0.54760605096817,3.01031613349915,2.62609434127808,3.27976775169373,1.49528300762177,0.67363315820694,-0.703653991222382,2.79327392578125,2.28650259971619,3.12438106536865,-0.164630100131035,1.55334901809692,1.37543046474457,1.29629588127136,2.68888831138611,1.85205566883087,2.06068539619446,0.480064153671265,1.16995751857758
Q9H257;Q9H257-2;Q9H257-3,-2.33595442771912,-1.0094587802887,0.571458995342255,0.565300405025482,-1.9683324098587,-0.905592501163483,0.331429958343506,0.346388459205627,-0.596970915794373,0.135544419288635,0.489957183599472,0.24396450817585,0.00786865688860416,0.672902047634125,0.22004534304142,-0.433710694313049,-1.38715481758118,-2.86978673934937,-1.18356382846832,-0.0624167583882809,-1.03333401679993,0.0675866156816483,-1.81181859970093,-1.09370064735413,0.107207573950291,-0.141612738370895,-3.44417428970337,NaN,-2.29083633422852,0.22027300298214,-0.4913449883461,0.438512951135635,-1.31365501880646,-0.603401064872742,-2.00951933860779,-1.07947587966919,0.360091179609299,-0.0675813555717468,-1.49998235702515,-0.99260139465332,-0.935990035533905
Q5T6V5,0.482131570577621,-0.293152987957001,-0.807794392108917,0.617392420768738,-0.237175136804581,0.00120786100160331,-0.638482391834259,0.245191022753716,-0.639148771762848,-0.715981781482697,0.753050565719604,0.626867711544037,0.295851439237595,0.193477213382721,-0.159362241625786,0.291673183441162,0.0560621656477451,0.620300889015198,-1.46021258831024,NaN,-0.799326062202454,-0.962139427661896,-1.44821751117706,0.805339694023132,0.664684653282166,-1.01699542999268,-0.405936509370804,NaN,-1.70831382274628,0.322424203157425,-0.186806619167328,0.621448218822479,-0.610267162322998,-0.98584508895874,NaN,-0.471797555685043,-1.74013483524323,-1.4980274438858,-0.742503464221954,-0.746996998786926,-0.315721154212952
P51531;P51531-2,1.21520233154297,1.10128343105316,0.152937456965446,-0.0456730984151363,1.03362560272217,-0.140044435858727,0.00509903253987432,0.148539304733276,0.994371712207794,0.524854063987732,0.331309229135513,0.0162547156214714,0.150070905685425,-0.019295010715723,0.52571702003479,0.278122544288635,0.784260392189026,0.847463250160217,0.525422036647797,1.16374742984772,0.624293327331543,0.781278491020203,0.711758434772491,0.802977502346039,-0.169901758432388,0.488274931907654,1.36462640762329,1.34767818450928,1.26428914070129,0.00197425670921803,0.731058955192566,-0.261052578687668,1.78868389129639,0.347706079483032,0.935660660266876,0.94499808549881,0.725469291210175,1.24409461021423,0.357507765293121,1.12976276874542,0.808827042579651
A6NC98;A6NC98-4;A6NC98-2,-0.338686108589172,-0.183889776468277,0.65989887714386,1.85136461257935,0.0796882584691048,NaN,1.1873379945755,1.68254995346069,-0.685923993587494,0.795318186283112,1.42836499214172,0.739018559455872,1.37629079818726,1.36071991920471,1.60333204269409,0.677276849746704,0.0517740920186043,-0.117421224713326,-0.968653798103333,-0.791235864162445,0.7519611120224,-0.565721988677979,-0.520861208438873,-0.800464153289795,1.3498398065567,0.56185394525528,-0.488498628139496,NaN,-0.925849795341492,0.955757558345795,0.260656446218491,1.2211457490921,NaN,1.49128413200378,0.293965220451355,-0.42382824420929,1.12593853473663,0.441789507865906,1.44707942008972,-0.521040618419647,0.152847975492477
P46976-2;P46976;P46976-3,0.135275110602379,1.05696785449982,1.36007726192474,1.44622015953064,0.643721103668213,1.05403006076813,1.68900489807129,1.95360147953033,0.0755357220768929,1.37391793727875,1.55717408657074,1.6675215959549,1.37777972221375,1.69328320026398,1.75973582267761,1.35099506378174,0.802884519100189,0.690803647041321,0.782231688499451,-0.54550963640213,1.66838669776917,-0.0949770286679268,0.394611060619354,0.152345433831215,1.45738875865936,1.08391225337982,0.383529543876648,-0.213533580303192,-0.16534586250782,1.58717048168182,1.20083701610565,0.565639317035675,-0.167495340108871,2.29882407188416,0.869048953056335,0.632465243339539,0.976156294345856,0.806193470954895,3.1946005821228,-0.927296221256256,0.441305816173553
Q07065,-2.2904098033905,-1.33038377761841,1.11044836044312,0.929786264896393,-1.5894136428833,1.23269748687744,1.9050304889679,1.81733357906342,-1.83978724479675,2.86514806747437,0.843298017978668,1.29205536842346,-0.168773099780083,1.56429052352905,-0.00582949817180634,0.582369983196259,-0.238372966647148,-1.98483800888062,-1.28478491306305,-1.48243117332459,-0.525659084320068,-0.159891903400421,-4.98604297637939,-0.352545410394669,1.25933408737183,0.0762068182229996,-3.13646721839905,-2.06435441970825,-2.94423890113831,0.672472774982452,0.386013388633728,1.21837306022644,-3.11090064048767,1.28814494609833,0.267259687185287,-0.225584104657173,1.47294843196869,-0.542324364185333,0.103957019746304,-0.986606359481812,-2.80810761451721
P36543;P36543-2;P36543-3,0.379103809595108,0.251965165138245,1.04568803310394,1.28274631500244,0.178937047719955,-0.471258878707886,1.03788244724274,1.28111088275909,-0.364561975002289,0.886354207992554,1.30523955821991,1.1298234462738,0.958792328834534,1.09260880947113,0.907447397708893,0.955587923526764,-0.0380510203540325,0.124593377113342,0.349354922771454,-0.607960820198059,0.961215913295746,-0.0136759271845222,0.463366359472275,-0.00155289692338556,1.11016499996185,0.464772284030914,-0.148774892091751,-0.963172018527985,-0.525882065296173,1.09587097167969,0.795912802219391,1.2663642168045,-0.168665543198586,0.537814915180206,-0.370041072368622,0.0339644066989422,0.654250860214233,0.488032907247543,0.994258582592011,-0.259118556976318,0.389386266469955
Q96G21,-0.416478127241135,-0.583770394325256,-2.00579190254211,-1.48455572128296,0.103256747126579,NaN,-1.87648284435272,NaN,0.0796509236097336,-0.561835169792175,NaN,-1.74044227600098,-1.19185900688171,-1.85499536991119,-1.00516533851624,-0.739023268222809,-0.130248516798019,-0.716526985168457,-0.573032736778259,0.176894441246986,-0.574305713176727,-0.379886656999588,-0.11571192741394,-0.507602870464325,-1.49057471752167,-1.01219534873962,-0.241594806313515,0.126761421561241,0.0250033177435398,-1.66116225719452,-0.22809374332428,-1.4205836057663,0.0408168286085129,-0.726449251174927,0.667644143104553,0.0179613493382931,-0.955522119998932,-0.746920883655548,-0.603267133235931,0.128795370459557,-0.41592812538147
O43586;O43586-2,-0.362340211868286,NaN,1.92653942108154,1.43517994880676,0.247495904564857,NaN,1.96323442459106,2.08738970756531,-1.14666986465454,2.02729773521423,1.19227695465088,1.53848457336426,1.13944828510284,1.87122297286987,1.52085721492767,0.991316199302673,0.0556149855256081,-0.0718821361660957,-0.702134788036346,-0.619855523109436,2.07684421539307,1.49347710609436,-0.588118433952332,NaN,1.90855801105499,1.60616075992584,-0.241955786943436,-0.554231107234955,-1.29834473133087,-0.677583873271942,0.195521742105484,1.45004451274872,-1.03168761730194,1.76208865642548,0.958787560462952,0.0613864846527576,1.61521399021149,0.745684564113617,2.03313493728638,-0.956339716911316,-0.965411484241486
Q96P48-3;Q96P48;Q96P48-2;Q96P48-4;Q96P48-1;Q96P48-7;Q96P48-5,-0.788256347179413,0.0829915329813957,1.52498090267181,1.65848803520203,0.195034727454185,0.875484883785248,1.22499120235443,1.49813568592072,-0.605950176715851,1.12418413162231,1.63490748405457,1.37115240097046,1.30542969703674,1.37834179401398,1.31643855571747,0.965942144393921,0.13298562169075,-0.426441043615341,0.994006395339966,-0.752553462982178,0.929035723209381,0.361691355705261,0.137551784515381,0.318827986717224,1.34834349155426,1.39684402942657,0.466724544763565,-1.11726379394531,-0.792195677757263,1.50759124755859,0.718025267124176,1.56110119819641,-0.815896689891815,0.374777436256409,-0.0753728002309799,-0.0818150043487549,0.995326638221741,0.969781160354614,0.510858774185181,-0.906655967235565,-0.169586002826691
O00767,-3.0357186794281,NaN,NaN,NaN,-5.26164817810059,-3.35786843299866,-7.25189781188965,-5.44099426269531,NaN,-4.21107006072998,-5.2876148223877,NaN,-4.0377721786499,-4.81958150863647,-4.45606851577759,NaN,-4.31645107269287,-2.97322988510132,NaN,-2.56358933448792,-4.70680665969849,-3.15757703781128,-2.06102395057678,-4.03132152557373,-2.56140995025635,NaN,NaN,-2.43673586845398,-2.91579914093018,-6.74933576583862,NaN,NaN,-4.58514928817749,-2.49540090560913,-3.39432334899902,-4.35364484786987,-5.53812265396118,NaN,NaN,-2.02077102661133,-3.72407674789429
Q8IYS1,0.464717537164688,-1.47757363319397,-2.45266652107239,-1.68318545818329,0.409425556659698,-1.98358070850372,-1.38377463817596,-1.53386878967285,-0.533156037330627,-0.817209601402283,-2.04763460159302,-0.896278738975525,-1.03632700443268,-2.11986303329468,-0.994696199893951,-0.900376975536346,-0.378730177879334,-0.174959793686867,-0.179282411932945,-0.54909759759903,0.364696443080902,-1.42882680892944,-0.0439587496221066,-1.78215742111206,-1.3318954706192,-1.34062922000885,0.593944728374481,-0.444369703531265,0.328040063381195,-0.859567940235138,-1.34940946102142,-1.73542940616608,0.306207418441772,0.0147128468379378,-1.3100289106369,-0.748198568820953,-1.46451270580292,-0.776945114135742,-0.0870867595076561,-0.566683709621429,-0.125790417194366
A6NHQ2,1.07077431678772,1.08146989345551,NaN,NaN,0.741225361824036,0.0731995701789856,-0.73275238275528,-1.06814873218536,0.661989390850067,-0.197195798158646,-0.475961416959763,NaN,0.139827936887741,-0.0378300733864307,0.330818921327591,-0.242322117090225,NaN,0.744582533836365,0.628326117992401,0.925648987293243,NaN,0.878117680549622,0.935596644878387,NaN,-0.0822441577911377,0.116179376840591,0.689211666584015,1.1071971654892,2.23962354660034,-0.229725301265717,-0.121886476874352,NaN,1.1386786699295,0.487826317548752,1.21365201473236,1.16288506984711,0.480257749557495,NaN,0.285142213106155,1.12625730037689,0.748311877250671
Q92785;Q92785-2,1.21221613883972,1.31373715400696,0.064215674996376,-0.0251296777278185,1.63946616649628,-0.167745217680931,-0.00887114182114601,0.0416529104113579,1.16499078273773,0.541370570659637,0.0508456826210022,-0.129994973540306,0.135730043053627,-0.202621921896935,0.512681066989899,0.282554000616074,0.962459862232208,0.869080603122711,0.601990759372711,1.10387015342712,0.741320013999939,0.888040602207184,0.79575788974762,1.19121706485748,-0.167776361107826,0.790971636772156,1.59264302253723,1.54472398757935,1.52532565593719,-0.00568156782537699,0.620724439620972,-0.0799011513590813,1.96061944961548,0.277307480573654,0.98149037361145,1.19628953933716,0.637775659561157,1.02393627166748,0.50373512506485,1.11544954776764,0.890492737293243
Q68CQ4,-0.738888084888458,NaN,-0.327492356300354,-2.04160857200623,-0.474240124225616,NaN,-1.1650732755661,-1.8945060968399,0.393391579389572,-1.45945608615875,NaN,NaN,-1.17728292942047,NaN,-0.875011086463928,-1.24653697013855,-0.0915884077548981,-0.380995631217957,-0.502673745155334,0.14366403222084,-0.432938009500504,-0.114143699407578,0.0759321376681328,-0.161392018198967,NaN,NaN,-0.244120314717293,0.419728219509125,0.319360435009003,-1.65383505821228,-0.757919132709503,-1.23888409137726,0.738214313983917,-0.752505958080292,0.282671332359314,0.673170566558838,NaN,-0.19769312441349,-1.33512949943542,-0.386735051870346,-0.978464007377625
P05109,6.35531044006348,4.47408390045166,4.48031377792358,3.65322375297546,7.41643953323364,5.17752504348755,8.4754467010498,7.33827209472656,4.93331241607666,7.62692499160767,3.35456156730652,3.67574238777161,5.29560041427612,6.86451864242554,5.96330308914185,4.98835039138794,8.35860443115234,0.966874957084656,4.30094242095947,2.712975025177,7.79409980773926,3.89515590667725,4.65376996994019,3.21316504478455,4.18750333786011,7.02996397018433,3.76976227760315,2.02840518951416,4.36850500106812,5.47660064697266,4.62685823440552,5.69554328918457,-0.605437278747559,4.27009344100952,3.23284077644348,5.21595430374146,5.71060752868652,7.30807065963745,4.55768728256226,1.60605990886688,4.55538988113403
Q9P107;Q9P107-2,-0.791634023189545,-0.688323378562927,0.947575867176056,0.836941182613373,-0.099372886121273,-0.344724893569946,0.313648849725723,0.992609202861786,-0.416907787322998,0.623928964138031,0.869471430778503,1.12487900257111,0.672337114810944,0.977880299091339,0.901260912418365,0.607523202896118,-0.639048755168915,-0.545202255249023,-0.0873932018876076,-0.462725549936295,0.444362431764603,0.189782187342644,-0.227348178625107,-0.861973345279694,0.102565750479698,0.772786498069763,-0.407647281885147,-1.01713299751282,-0.723357617855072,0.842651605606079,0.238129302859306,0.898586988449097,-1.21678841114044,0.439617514610291,-0.089771457016468,-0.246894523501396,0.447373420000076,0.427110582590103,0.160017296671867,-1.21613299846649,-0.02801563590765
P14384,NaN,-2.3388307094574,0.718371570110321,0.240375578403473,-3.85186910629272,NaN,-2.39588761329651,-1.83235251903534,NaN,-1.33196520805359,-0.286325365304947,-0.282353907823563,-1.54161202907562,0.555385529994965,-2.17925763130188,-2.35034918785095,-3.36314511299133,-3.52694272994995,-3.22536277770996,NaN,-1.53055918216705,-0.298764944076538,-4.92834377288818,-3.83241415023804,-1.01066040992737,-2.13893508911133,-3.48250007629395,-1.43803060054779,-4.26400518417358,-1.10825216770172,-2.76261329650879,-0.694034278392792,NaN,-1.2301949262619,NaN,-3.43996810913086,-0.343806356191635,-1.05129897594452,-2.47625303268433,-3.06295108795166,NaN
Q9Y5Z4;Q9Y5Z4-2,-0.0333573892712593,0.461540400981903,-3.05E-05,0.582809209823608,-0.258436322212219,0.164794921875,1.47856318950653,0.958939909934998,-0.613929033279419,-0.684989094734192,0.790514409542084,1.15028464794159,0.893134713172913,0.995715796947479,0.756241858005524,0.868144392967224,-0.318476766347885,1.77754771709442,0.0905737429857254,-1.00175619125366,0.145913049578667,-1.39038443565369,0.681792736053467,0.0450675748288631,1.06200182437897,-0.868386626243591,-0.0424067676067352,-1.29724860191345,-0.741413831710815,0.970140039920807,0.540033519268036,0.760526537895203,-0.146552249789238,-1.08050334453583,-0.610463201999664,0.00846172869205475,-0.260062903165817,-0.616696417331696,0.425308793783188,-0.871232032775879,0.028623690828681
O95352;O95352-2;O95352-3,-0.850235462188721,-0.400292128324509,1.09324979782104,1.28719055652618,-0.457248330116272,-0.21911908686161,1.43819057941437,0.984249591827393,-0.832356154918671,0.555819511413574,1.32240188121796,1.17833828926086,1.31105923652649,1.21302342414856,1.0705543756485,0.814975440502167,-0.166282489895821,-0.587042629718781,-0.209860101342201,-0.915489614009857,0.511127591133118,-0.20927719771862,-0.826369762420654,-0.619242787361145,0.963588893413544,0.629771292209625,-1.21193587779999,-1.69088888168335,-1.43963217735291,1.2766432762146,0.538577497005463,1.24729788303375,-0.661001622676849,0.935994744300842,-0.467189222574234,-0.289981544017792,0.528862833976746,0.511700391769409,1.52819681167603,-1.55402648448944,-0.216303467750549
P35226,1.54143130779266,1.41159796714783,-0.399701327085495,-0.24460506439209,1.04705381393433,-0.185208156704903,0.135871365666389,-0.794486284255981,0.64556497335434,-0.284030914306641,-0.265754789113998,-0.756650567054749,-0.340784013271332,-0.834968388080597,0.189592763781548,-0.542494893074036,0.666362404823303,2.14054131507874,-0.19839084148407,0.722353219985962,0.40692126750946,0.499584883451462,0.446796119213104,1.78785133361816,-0.672431826591492,0.367795050144196,2.35450482368469,2.19781160354614,0.991206347942352,-0.704732775688171,0.401543617248535,-1.11937928199768,1.16491746902466,0.776349008083344,1.62795948982239,0.613138616085052,0.0735544934868813,1.03825724124908,-0.0754022821784019,1.45303583145142,0.529465317726135
P18669,-1.60125839710236,-1.08480143547058,-0.704368948936462,0.332545340061188,-1.29425764083862,-0.91970020532608,0.193058148026466,-0.0634752586483955,-2.01719117164612,-1.81212949752808,0.525837779045105,0.624113738536835,0.0676572546362877,0.378550797700882,-0.610894739627838,-0.450715333223343,-1.15694189071655,-0.856581807136536,-1.3680055141449,-1.9412567615509,-0.158760026097298,-2.15218091011047,-1.33864724636078,-0.646576106548309,0.186883270740509,-1.37003743648529,-1.32448303699493,-1.83324158191681,-1.99536442756653,0.167996481060982,-1.01871049404144,0.552444338798523,-1.75819373130798,-1.45961725711823,-1.69297420978546,-1.51902222633362,-1.03847253322601,-1.74964761734009,-0.493094325065613,-1.85449552536011,-1.48547732830048
Q8WVV9-4;Q8WVV9;Q8WVV9-5,0.601203382015228,1.48625731468201,0.56188976764679,0.105473704636097,-2.035719871521,0.153568655252457,0.54245263338089,0.669841229915619,-1.93459022045136,0.18267223238945,0.293974816799164,-0.0711085125803947,-0.171670645475388,0.3322913646698,0.532301425933838,-1.22104954719543,-1.13574850559235,-0.504478752613068,NaN,-0.923212110996246,-2.74726557731628,-0.378720372915268,-3.33712911605835,0.118764884769917,-0.249360010027885,0.617710173130035,-2.57890653610229,-1.34109234809875,-2.76640939712524,0.223238676786423,-0.111538894474506,0.476635962724686,NaN,-0.129534244537354,0.587907075881958,-1.41110181808472,-0.156186491250992,0.329342514276505,-0.315024614334106,1.24500739574432,-0.348046809434891
Q13950-2;Q13950,NaN,-0.488474696874619,-0.80238938331604,NaN,NaN,NaN,-1.98544335365295,NaN,0.886913001537323,NaN,-0.615447282791138,-0.925775408744812,NaN,-0.985886693000793,NaN,-1.14691531658173,-0.013731918297708,2.18987941741943,0.0375142134726048,NaN,-0.559922754764557,NaN,-0.204671904444695,0.646489918231964,-0.699325144290924,0.520536124706268,1.88002347946167,1.10883235931396,-0.193183720111847,-1.22667372226715,NaN,NaN,0.41337588429451,0.255925923585892,1.37685441970825,-0.203679770231247,-0.406053632497787,0.14607147872448,NaN,NaN,0.299880564212799
Q9UGU0-2;Q9UGU0,NaN,NaN,NaN,-1.09648752212524,NaN,NaN,NaN,-0.694365501403809,-0.270697891712189,-0.638939559459686,NaN,NaN,NaN,NaN,-0.0809775739908218,NaN,-1.00002467632294,NaN,NaN,0.154058158397675,-0.342389345169067,0.0224690958857536,-0.406616419553757,-1.17325806617737,NaN,0.239756062626839,0.340943574905396,0.806281864643097,0.13587474822998,NaN,NaN,NaN,0.90938401222229,NaN,1.25871253013611,0.41033273935318,NaN,-0.633246183395386,NaN,NaN,NaN
P78347-2;P78347-4;P78347-3;P78347,0.635315656661987,0.349736630916595,-1.19876861572266,-1.09951186180115,0.337393939495087,-0.304503113031387,-0.547146201133728,-0.824618816375732,0.504595339298248,-0.518481373786926,-0.914629518985748,-0.839360058307648,-0.555828988552094,-1.28083670139313,-0.266790241003037,-0.232683792710304,0.332820534706116,0.225999057292938,0.363361656665802,0.357829034328461,-0.159892484545708,-0.169305324554443,0.154798224568367,0.221920847892761,-1.16586530208588,-0.396695256233215,0.44726175069809,0.346763789653778,0.83126425743103,-0.783411145210266,-0.19418440759182,-1.07126152515411,0.475200772285461,-0.558933198451996,0.106158956885338,0.464237809181213,-0.465974986553192,0.0828328728675842,-0.182563230395317,0.548755645751953,0.180037289857864
O60902-3;O60902-2;O60902,0.380642950534821,0.00578165939077735,-0.283117175102234,0.76521772146225,-0.0680803507566452,0.334667325019836,1.1137729883194,0.870077073574066,-0.727275550365448,-0.612251698970795,0.789933264255524,1.0070925951004,0.628693282604218,0.576139748096466,0.496190756559372,0.87799459695816,0.0623542331159115,0.695744454860687,-0.166313081979752,-1.51761138439178,0.802470803260803,-1.40968883037567,0.23345872759819,-0.0088851060718298,0.836466789245605,-0.497938603162766,0.542785882949829,-1.22054767608643,-0.777318477630615,0.444328248500824,0.496047288179398,0.818520247936249,-0.241713061928749,-0.587983131408691,-0.497547417879105,-0.28564664721489,-0.389618158340454,-0.957397520542145,1.0759904384613,-1.04258739948273,-0.0743628144264221
P32322;P32322-2;P32322-3,-2.81781530380249,-2.93013119697571,NaN,-3.28253078460693,-5.02130222320557,-2.08166980743408,-5.69652652740479,-4.56264877319336,-2.86122703552246,-3.95495223999023,-3.65621709823608,-4.59558963775635,NaN,-3.52586889266968,-4.20400905609131,-4.01415348052979,-3.69410157203674,-2.97150206565857,-3.75050234794617,-1.47862803936005,-3.38418984413147,-2.29834461212158,-1.81540429592133,-3.066410779953,-4.64222526550293,-3.69050002098084,-4.03255224227905,-1.5702793598175,NaN,-3.94714856147766,-3.01678490638733,-4.94948244094849,-2.82584929466248,-2.73738551139832,-1.92150402069092,-2.64715194702148,-3.37425541877747,-3.28333330154419,-3.02428650856018,-1.10949194431305,-2.17288446426392
Q96I59;Q96I59-2,0.810339510440826,1.27221643924713,0.199445322155952,0.116468466818333,0.94757205247879,0.18539847433567,-0.225273042917252,-0.101370178163052,1.15357673168182,0.492373019456863,-0.300723612308502,-0.438828527927399,0.17834435403347,-0.0405940338969231,0.506136655807495,0.382560551166534,0.926116645336151,-0.220242887735367,0.861137568950653,1.59931147098541,0.952199697494507,1.0020763874054,1.25394797325134,-0.265251815319061,-0.32643261551857,0.357273072004318,0.418943881988525,1.16881740093231,1.37673377990723,0.0715032517910004,0.722235143184662,-0.864799678325653,1.59607815742493,0.456573039293289,1.58104574680328,0.899546563625336,0.909474074840546,1.04537975788116,0.449452489614487,1.29345798492432,1.24361133575439
Q96GC9,NaN,-0.00195539416745305,0.802230596542358,0.675002157688141,-0.419485628604889,-0.759656369686127,0.216854453086853,1.02079379558563,0.056003749370575,0.558941841125488,0.886995196342468,0.424583494663239,0.173972487449646,1.00439155101776,0.969825029373169,0.258036553859711,0.0960789173841476,NaN,-0.14064759016037,-0.0751648172736168,-0.113464675843716,NaN,-0.59466165304184,-0.492991924285889,0.333730161190033,-0.551133096218109,-0.697493135929108,NaN,-0.677151262760162,0.978811025619507,0.060417901724577,0.776762545108795,-0.359970837831497,0.26389679312706,-0.244048744440079,-0.450072795152664,1.02944946289063,0.885492563247681,NaN,0.0250028185546398,-0.572176575660706
P15104,NaN,0.994913399219513,NaN,NaN,NaN,1.02112948894501,NaN,NaN,0.425494402647018,NaN,-0.394291460514069,NaN,1.20209550857544,NaN,0.525554001331329,0.963934242725372,NaN,NaN,1.51974761486053,NaN,1.52036249637604,NaN,1.78859877586365,0.143121317028999,0.994734227657318,2.39177560806274,NaN,1.27674913406372,1.74789917469025,1.39304089546204,1.52612018585205,1.0234477519989,NaN,NaN,NaN,-0.323025614023209,3.91473174095154,NaN,NaN,NaN,1.32377326488495
Q9H0I9,0.685178279876709,0.802690744400024,0.219311475753784,0.993418276309967,-0.0564317479729652,-0.546804547309875,1.55345726013184,1.04695808887482,-0.741481840610504,-0.328115493059158,0.784058928489685,0.954174697399139,0.297272771596909,0.883049607276917,0.717113554477692,1.02983975410461,0.230538010597229,-0.971740186214447,-1.16131162643433,NaN,1.06369352340698,-1.23061740398407,-0.378959029912949,-0.487600296735764,0.571105778217316,-0.641703188419342,-0.365447670221329,-1.41435444355011,-0.522590935230255,0.365996152162552,0.732777655124664,1.36324882507324,-0.96839565038681,0.454110205173492,-0.101514384150505,0.301662981510162,0.0962251275777817,-0.588166952133179,2.12887263298035,-0.547179818153381,-0.0408918857574463
Q5TEJ8;Q5TEJ8-3;Q5TEJ8-5;Q5TEJ8-6,NaN,0.446110606193542,2.80716919898987,3.533860206604,2.463791847229,1.03564274311066,2.62600135803223,3.20127868652344,1.79793000221252,3.573890209198,2.33502101898193,2.53355884552002,2.87281250953674,2.76499795913696,2.5975923538208,3.123863697052,2.05995106697083,NaN,0.628401935100555,-0.246505469083786,2.56512999534607,1.8201367855072,1.13566982746124,0.697501838207245,3.35607314109802,4.03745651245117,1.59393703937531,-0.394504398107529,-0.114187575876713,1.64881980419159,2.89899325370789,2.87444877624512,NaN,1.65009927749634,0.955947279930115,2.22895884513855,2.63798403739929,2.62426924705505,2.07573080062866,0.124303087592125,1.72521555423737
P61160;P61160-2,-0.0137404846027493,-0.135757073760033,0.519620060920715,0.820508241653442,0.486070185899735,0.886552155017853,0.772652745246887,0.846621811389923,-0.702526390552521,0.266967922449112,0.844044923782349,0.729052424430847,0.791162014007568,0.744679152965546,0.380517095327377,0.637332320213318,0.164088502526283,0.164899185299873,0.629487574100494,-0.680965662002563,0.727023005485535,-0.61625874042511,0.0850879177451134,-0.430364459753037,1.01352107524872,0.127419903874397,0.0174942668527365,-0.332032471895218,-0.18217046558857,0.642111778259277,0.345606476068497,0.98192822933197,-0.285823345184326,0.761107683181763,0.266773134469986,-0.29457351565361,0.138328120112419,-0.17873726785183,0.86970978975296,-1.06601548194885,0.0731538236141205
P23434,-0.462021321058273,-0.615106284618378,-2.02579212188721,-1.57669639587402,-0.402404516935349,NaN,-2.48457551002502,-1.35716319084167,0.0636059120297432,-0.807335138320923,-1.75712382793427,-1.38859176635742,-1.14517641067505,-1.401322722435,-0.701130568981171,-1.44030666351318,-0.193200811743736,-1.46128535270691,-0.32656529545784,0.59754467010498,-0.502627551555634,-0.120186947286129,-0.0137610575184226,0.174892887473106,-2.3135724067688,-1.13942134380341,-1.26493167877197,-0.55773264169693,-0.241484314203262,-1.67705047130585,-0.0435735583305359,-2.49764561653137,0.256627470254898,-0.543627321720123,-0.0332657508552074,-0.464229673147202,-0.964542269706726,-0.341260999441147,-0.872701525688171,0.0190442446619272,-0.211666613817215
Q53FA7,NaN,1.62930953502655,NaN,NaN,2.62192606925964,NaN,1.09255087375641,0.634570896625519,NaN,NaN,1.76396358013153,NaN,NaN,0.686059474945068,NaN,NaN,3.7084584236145,2.57732105255127,NaN,NaN,NaN,NaN,2.35944771766663,1.2949812412262,NaN,2.72168898582459,NaN,NaN,2.37086415290833,2.03885436058044,1.58257043361664,NaN,NaN,NaN,NaN,2.2683413028717,NaN,NaN,NaN,NaN,NaN
Q969X5-2;Q969X5,3.21004915237427,2.86457705497742,1.39510011672974,1.44024729728699,3.12000274658203,1.2888365983963,0.833625853061676,1.17050814628601,3.00581574440002,1.69793248176575,1.01011562347412,1.16346848011017,1.65401971340179,1.2891206741333,2.08035707473755,1.38878178596497,3.0862250328064,2.05023217201233,2.511549949646,3.11434936523438,1.93524956703186,2.82906031608582,3.05806350708008,1.94164574146271,0.922715723514557,2.57740211486816,2.77904510498047,1.88013112545013,3.21231484413147,1.73722279071808,2.46052193641663,0.941683173179626,3.27071809768677,1.60644197463989,3.08197450637817,2.7528121471405,2.86899924278259,2.84600496292114,1.74830949306488,2.46218132972717,2.52148294448853
P06733,0.363162308931351,-0.0805645808577538,-0.424087375402451,0.545730650424957,-0.32368615269661,-0.231678649783134,0.961053967475891,0.355851471424103,-0.380736231803894,-1.05825400352478,0.655585169792175,0.814831972122192,0.361692905426025,0.443104296922684,0.205934673547745,0.884234189987183,-0.00368087948299944,-0.0292251780629158,-0.368118047714233,-1.42077231407166,0.175880998373032,-1.75569438934326,0.543732345104218,-0.393597692251205,0.526778936386108,-0.896430313587189,0.149765729904175,-1.64589416980743,-0.764839112758636,0.456714183092117,0.44845786690712,0.931095540523529,-0.323769181966782,-1.22914087772369,-0.669486165046692,-0.121716648340225,-0.518675327301025,-1.21762371063232,0.372884124517441,-1.18048739433289,0.209393799304962
Q5U5X0,NaN,-1.45010364055634,-1.36055302619934,-1.9127893447876,-3.33436322212219,-0.686037600040436,-2.17786073684692,-1.75343382358551,-0.680123209953308,-1.00227105617523,-2.29619479179382,-1.75494825839996,-1.86237931251526,-2.08488583564758,-1.94267106056213,-1.59171342849731,-1.03125441074371,-1.48706698417664,-1.01585876941681,-0.251817613840103,-2.45527362823486,-0.54286652803421,-0.878808200359344,-1.74860572814941,-1.91317081451416,-1.75871801376343,-2.08138656616211,-1.27044296264648,-0.382629364728928,-2.03339910507202,NaN,-1.89937102794647,-0.302824318408966,-1.06157624721527,-0.617900133132935,-1.07619631290436,-1.04669427871704,-1.15608549118042,-1.73335075378418,-0.803908824920654,-1.16380310058594
P07355;P07355-2;A6NMY6,-0.204909950494766,1.3802717924118,2.73666334152222,2.39603042602539,1.04785299301147,0.5926114320755,3.39417481422424,2.74806094169617,2.23792910575867,3.23023867607117,2.33282661437988,2.12176728248596,1.80276203155518,2.54929637908936,1.97734320163727,2.36349368095398,1.78099727630615,0.4948750436306,0.14915919303894,-0.0591427981853485,0.715321719646454,1.96161866188049,-1.16826665401459,1.60881316661835,2.14877796173096,2.85120153427124,1.676145195961,1.04129886627197,-1.64611613750458,2.21633577346802,2.26019334793091,3.25365853309631,-0.788197696208954,0.671311318874359,0.915322721004486,2.05831861495972,3.35662198066711,2.70761942863464,-0.130026489496231,1.71213948726654,0.141306012868881
Q3B726,0.681422114372253,1.2376561164856,-1.73704183101654,-1.04823195934296,-0.0893561467528343,-0.339163899421692,-1.20898747444153,-1.78106391429901,0.231012925505638,-1.13535749912262,-1.13497221469879,-1.16222190856934,-0.58134138584137,-1.77933037281036,-0.425939053297043,-1.00920152664185,-0.324543118476868,0.699104249477386,0.22765189409256,0.615250408649445,-0.797582864761353,0.141954004764557,0.608489274978638,0.889395773410797,-1.45564556121826,-0.367398887872696,0.385918945074081,0.0999491363763809,0.421790659427643,-0.727987051010132,0.100835844874382,-2.25123977661133,0.268926292657852,-0.895340144634247,0.218566551804543,-0.0968143418431282,-0.28615128993988,0.378531575202942,-0.662050306797028,0.82973724603653,0.995758175849915
Q9BV38,1.04696762561798,0.574787199497223,-0.539878904819489,-0.359245181083679,0.911509931087494,0.0795963257551193,-0.65838885307312,-0.500931143760681,1.18342804908752,0.272514164447784,-0.629125118255615,-0.48640838265419,-0.113913401961327,-0.456027686595917,0.210095450282097,0.211989805102348,0.737899661064148,0.0404646769165993,-0.204656437039375,0.787848055362701,0.535518765449524,0.537120580673218,0.974111378192902,0.245578721165657,-0.765652120113373,-0.0566137358546257,0.846799910068512,1.3021582365036,1.08867835998535,-0.411534756422043,0.403662830591202,-0.528312921524048,0.777606308460236,0.427529156208038,1.2917788028717,1.06498467922211,0.128051742911339,0.450432687997818,0.574096620082855,0.845206201076508,0.756301641464233
Q8IVS2,-0.445174604654312,-0.357908308506012,-0.792573869228363,-0.733210444450378,-0.114231511950493,-0.718072772026062,-0.848800420761108,-0.81658548116684,0.588267505168915,-0.424575120210648,-0.627208173274994,-0.939872264862061,-0.75684928894043,-1.180668592453,-0.457615196704865,-1.03890860080719,0.203359872102737,-0.996917188167572,0.304464370012283,1.00954163074493,-0.68388557434082,0.0545980371534824,-0.0831848978996277,-0.221166104078293,-1.75329053401947,-0.429529219865799,-0.665001451969147,-0.169964924454689,0.319888710975647,-1.22026801109314,0.0420775339007378,-0.910484611988068,0.707247138023376,-0.289743691682816,-0.11620619148016,0.424844294786453,-0.0878177136182785,0.517905056476593,-0.918591976165771,0.274072587490082,0.0629105120897293
Q8IZL8,1.03571331501007,0.657124638557434,-0.447398006916046,-0.246018916368485,1.04805290699005,0.11225152015686,-0.563821256160736,-0.0412383303046227,1.22910273075104,0.268751174211502,-0.705794632434845,-0.347460746765137,-0.0174156632274389,-0.36713433265686,0.466588199138641,0.456110417842865,0.858999192714691,0.168245255947113,-0.289087265729904,0.941133141517639,0.758446335792542,0.694685459136963,1.00471997261047,0.422871440649033,-0.740363717079163,0.084149457514286,0.82079005241394,1.31485521793365,1.09464597702026,-0.258779168128967,0.789230525493622,-0.621539950370789,0.980727255344391,0.465784847736359,1.47934401035309,1.14090573787689,0.315757066011429,0.660983145236969,0.495496720075607,0.9355748295784,0.662994861602783
Q9Y6M5,-1.90603494644165,-1.38708698749542,0.111907936632633,0.0166389867663383,-1.88803827762604,NaN,-1.1500962972641,-0.202707260847092,-1.1429260969162,0.262386709451675,-0.0397779494524002,-0.136369898915291,-0.499725967645645,0.280455350875854,-0.789541482925415,-1.2567834854126,-1.48138976097107,-1.6214165687561,-1.60677111148834,-0.617337822914124,-1.2175213098526,-0.0603255107998848,-2.12992668151855,-0.788055121898651,-0.0471914708614349,-0.980937361717224,-1.74874567985535,-0.52423369884491,-1.60558080673218,-0.776963174343109,-1.30997252464294,-2.32086658477783,-2.05359625816345,-0.0782167837023735,-1.38313615322113,-1.04291760921478,0.0112264137715101,-0.538872182369232,-1.67177212238312,-1.08967018127441,-1.64521241188049
Q8NFD5;Q8NFD5-2;Q8NFD5-3;Q8NFD5-4,2.26750159263611,2.33081960678101,-0.0144436322152615,-0.00247552595101297,1.38058662414551,0.179162442684174,-0.846635937690735,NaN,1.54335033893585,0.842617511749268,0.290945678949356,0.189869061112404,0.437479645013809,-0.168293133378029,1.09786236286163,0.29223895072937,1.60281980037689,1.40661537647247,1.1756706237793,1.95762944221497,1.31120526790619,1.54905116558075,1.72734940052032,1.31110644340515,-0.557038187980652,1.14676070213318,2.30194544792175,2.3837263584137,2.34624838829041,0.461951673030853,1.05040383338928,-0.622377634048462,3.22076678276062,0.986328363418579,1.36862444877625,1.81973731517792,0.895513653755188,1.25390410423279,0.97749936580658,1.58133125305176,1.67670893669128
Q12805-2;Q12805-4;Q12805-3;Q12805;Q12805-5,NaN,2.85048842430115,2.69011497497559,0.861142516136169,0.429121851921082,NaN,NaN,1.00951731204987,NaN,NaN,NaN,NaN,NaN,1.39458477497101,NaN,NaN,3.40549826622009,2.37944793701172,1.34996426105499,NaN,1.51611649990082,3.44561529159546,NaN,2.90579867362976,2.59737706184387,NaN,NaN,NaN,2.32725977897644,NaN,NaN,NaN,3.09875345230103,3.17615056037903,NaN,NaN,NaN,NaN,3.69616889953613,2.25342154502869,NaN
O95707,NaN,0.0848641991615295,-0.778434932231903,-0.975833714008331,-0.446027725934982,-0.734438836574554,-0.708937108516693,-0.173675239086151,0.597984194755554,NaN,NaN,-0.866505980491638,-1.01201713085175,-0.787003457546234,-0.215623944997787,-0.383747458457947,-0.0416207499802113,-0.393953919410706,-0.230184301733971,NaN,-0.273939579725266,-0.0561810024082661,-0.142298698425293,0.0960731282830238,-0.899350047111511,0.0780937671661377,0.017601078376174,-0.263295769691467,0.0157809238880873,-0.341005146503448,-0.151424169540405,0.0357212908565998,0.550278902053833,-0.586448967456818,0.0407422184944153,0.373224377632141,-0.588817536830902,-0.0540978461503983,NaN,0.00234493962489069,-0.494604587554932
P00338;P00338-3;P00338-4;P00338-5;P00338-2,-1.15245199203491,-1.23086488246918,-1.51696264743805,-0.522390425205231,-1.44476807117462,-0.5864217877388,-0.245397344231606,-0.373595029115677,-1.49445354938507,-1.7060958147049,-0.22028574347496,-0.200237601995468,-0.68063884973526,-0.535549998283386,-1.27861475944519,-0.387544423341751,-0.956053614616394,-1.3515282869339,-1.02817857265472,-2.011873960495,-1.00489985942841,-2.36759448051453,-0.781192004680634,-1.39520084857941,-0.192100271582603,-1.57172298431396,-1.05855774879456,-1.82084846496582,-1.55241370201111,-0.591385245323181,-0.930464386940002,-0.838111639022827,-1.31105446815491,-1.57041597366333,-1.73475897312164,-1.44729912281036,-1.53462719917297,-1.86039459705353,-0.512357473373413,-1.79627454280853,-0.993320345878601
Q14807;Q14807-2,NaN,-1.81385946273804,-3.71514892578125,-6.1122465133667,-4.9750452041626,NaN,-2.63730382919312,-4.44292593002319,-1.19636702537537,-3.36911511421204,-2.86086583137512,-2.69303274154663,NaN,-3.51390171051025,-3.97682809829712,NaN,NaN,NaN,NaN,-2.35358786582947,-3.22984099388123,-1.45213866233826,NaN,NaN,NaN,-0.400853961706162,-2.49283766746521,-1.37822258472443,-2.41161465644836,-3.19847106933594,-3.03535008430481,-5.00179624557495,NaN,-0.680570840835571,-2.00247502326965,-2.61893630027771,-1.72032380104065,-2.38253784179688,-1.14088439941406,-2.09765720367432,-5.11888790130615
Q96DH6-2;Q96DH6;Q96DH6-3,NaN,1.9700471162796,NaN,0.886865675449371,1.63663268089294,1.35822057723999,-0.207324683666229,NaN,0.871800482273102,NaN,-0.107047371566296,0.445549458265305,1.27437591552734,-0.850773632526398,1.84235453605652,0.157226383686066,0.567538380622864,2.89454174041748,1.96680009365082,3.07009768486023,1.18482387065887,1.38683557510376,2.29991221427917,2.33698725700378,0.567805171012878,0.173831954598427,2.11189603805542,1.87952983379364,3.06963300704956,0.855367660522461,0.133259117603302,NaN,2.69029355049133,0.15874807536602,2.24413871765137,1.73868894577026,0.159359559416771,1.57952308654785,NaN,1.67775118350983,3.14820432662964
P09493-3;P09493-10,NaN,NaN,2.22599530220032,NaN,NaN,3.28801083564758,NaN,NaN,NaN,NaN,NaN,3.40695548057556,0.786066770553589,NaN,1.47313344478607,NaN,NaN,NaN,3.97236466407776,NaN,NaN,NaN,4.6158766746521,NaN,3.23160099983215,NaN,NaN,3.5098557472229,NaN,NaN,NaN,NaN,3.07148122787476,NaN,2.90558576583862,NaN,NaN,NaN,NaN,NaN,4.67342472076416
Q15833;Q15833-2;Q15833-3,-0.397974222898483,-0.302533984184265,0.854744791984558,1.10317051410675,-0.341916084289551,0.669828534126282,0.773045837879181,0.932453155517578,-1.24135899543762,0.82053005695343,0.829472541809082,0.968900203704834,1.1203750371933,0.939125657081604,0.599305629730225,0.279243648052216,-0.302759289741516,-0.207214951515198,1.44546270370483,-0.746129810810089,0.533842504024506,0.630068302154541,-0.127641245722771,-0.293757230043411,0.916352510452271,0.0787165015935898,-0.64540696144104,-0.417342007160187,-1.22860074043274,0.789048731327057,-0.164727121591568,0.51007354259491,-1.00817406177521,0.645821094512939,-0.0353476256132126,-0.663433074951172,0.648207783699036,0.100577875971794,0.144566148519516,-0.317171990871429,-0.116396591067314
P51159;P51159-2,0.468244194984436,1.48280954360962,1.40479230880737,0.89400053024292,0.270045071840286,-1.30671489238739,0.931898713111877,1.36897599697113,-0.109140485525131,1.63821530342102,1.06337893009186,0.992228388786316,0.944622695446014,1.28455018997192,1.78944981098175,0.450753271579742,-0.245308518409729,-1.35310006141663,-1.54369115829468,-0.0906052365899086,1.39358150959015,1.3936048746109,-1.64184236526489,0.380231827497482,0.651444852352142,1.50150346755981,-0.877909600734711,-0.516108095645905,-1.01758325099945,0.539318323135376,-0.0126389926299453,1.28911137580872,-0.505494594573975,2.66404795646667,0.876515746116638,-0.0710533037781715,1.32042872905731,0.736953437328339,0.870994627475739,1.01154482364655,-0.561019897460938
P52209-2;P52209,0.13691882789135,0.270795285701752,0.204482987523079,1.24589717388153,0.255201518535614,0.383738368749619,1.3507159948349,1.47368812561035,-0.378947228193283,-0.0586139485239983,1.35570013523102,1.40931701660156,1.01388645172119,1.15826559066772,0.976271867752075,1.39369881153107,0.511157155036926,0.0797797590494156,0.407552927732468,-1.06009745597839,1.56653928756714,-1.01845753192902,0.920167982578278,0.68830281496048,1.17158186435699,-0.12470018863678,-0.298323899507523,-1.31329929828644,-0.462248116731644,1.14365720748901,1.13799500465393,1.10326361656189,-0.759154438972473,0.409445911645889,-0.0658154711127281,0.0944735109806061,0.218052163720131,-0.622234702110291,1.5610066652298,-0.922989070415497,0.153481349349022
Q9Y2D5;Q9Y2D5-5;Q9Y2D5-7;Q9Y2D5-6;Q9Y2D5-4,-0.611953914165497,-1.18918108940125,NaN,-0.951406717300415,NaN,NaN,0.389700770378113,-1.63348138332367,NaN,NaN,-0.782044291496277,-1.3506270647049,NaN,-1.3075715303421,-1.73399829864502,NaN,0.418420970439911,NaN,-1.29555809497833,NaN,-0.125245735049248,NaN,NaN,-0.0454664491117001,NaN,NaN,1.18920731544495,NaN,-0.189645335078239,-0.878080546855927,-0.860272645950317,0.515523135662079,0.30275571346283,NaN,0.759709239006042,-1.40982043743134,-1.72003936767578,-0.440845996141434,-0.672386467456818,-0.868512868881226,-1.19040274620056
Q9BTE3-2;Q9BTE3;Q9BTE3-3,-0.4519362449646,0.446727097034454,-0.291479825973511,0.310478150844574,-0.263137698173523,-0.623880505561829,1.27904331684113,0.926270544528961,0.373852014541626,0.423759609460831,0.67726469039917,0.141699999570847,0.0649983659386635,0.216944918036461,0.0202293805778027,0.487901449203491,0.0405012220144272,-0.859516620635986,-0.650022506713867,-1.00831353664398,-0.438453406095505,-1.00851845741272,-0.641510665416718,0.598193347454071,0.418940633535385,1.01248896121979,0.534108459949493,-0.757490336894989,-0.501037418842316,0.624784588813782,0.644322633743286,-0.33155420422554,-1.27504098415375,-0.701806664466858,-0.635830163955688,0.320667058229446,0.357380330562592,0.472337543964386,-0.00100846064742655,-0.470001667737961,-0.609532654285431
P28072,-0.515720248222351,-0.517322838306427,-1.44011878967285,-1.43174052238464,-1.73503148555756,-1.25613808631897,-0.330483049154282,-0.504398763179779,-1.16408133506775,-0.597569167613983,-0.590169668197632,-0.534461319446564,-1.0267481803894,-0.784652233123779,-0.332181423902512,-0.802808403968811,-1.26187193393707,-0.0964198112487793,-0.937485694885254,-0.732293307781219,-2.12956619262695,-1.01432490348816,-2.01162648200989,-1.71534907817841,-1.51931512355804,-1.40629959106445,-1.64975082874298,-1.53223085403442,-1.06888341903687,-1.6143125295639,-1.53552651405334,-0.859567701816559,-0.825053215026855,-0.618675112724304,-1.56910681724548,-1.30790293216705,-1.25199019908905,-1.4601114988327,-0.855706572532654,-0.58898138999939,-0.176432892680168
O60784;O60784-2;O60784-3;O60784-4,1.10523927211761,1.09297871589661,2.40058183670044,2.01689004898071,1.11592388153076,0.336814373731613,2.06206202507019,2.25792622566223,-0.0812277272343636,2.53465485572815,1.99704277515411,1.96362793445587,1.70520853996277,2.31279706954956,2.525958776474,1.40204584598541,0.494864821434021,1.10856246948242,0.462600976228714,0.778409481048584,1.75690019130707,2.00754165649414,0.135696142911911,1.57353603839874,1.57615768909454,2.12362313270569,0.00445231702178717,0.218737229704857,-0.231709197163582,1.60135209560394,1.44660139083862,1.96094274520874,0.710900664329529,2.03596425056458,0.648935079574585,0.887397885322571,2.26758790016174,1.99687230587006,1.8170759677887,0.852746665477753,0.345683008432388
Q15942;Q15942-2,0.950094699859619,-0.2652767598629,1.53041076660156,1.65084195137024,0.974847257137299,2.96093249320984,1.71724450588226,1.90082788467407,0.937878251075745,1.33241283893585,1.95893657207489,2.05607724189758,2.34454846382141,1.48349118232727,1.361208319664,1.86612927913666,1.07932007312775,1.07259845733643,4.0390248298645,-0.680965662002563,1.30860257148743,-0.0547641776502132,2.01262903213501,-0.160938620567322,1.97490036487579,1.02116656303406,0.717659175395966,-0.259369432926178,-0.501611769199371,2.04897809028625,1.9183908700943,1.89142954349518,0.666890263557434,0.372418969869614,0.296739786863327,0.908747732639313,0.722015261650085,0.790659844875336,0.495722711086273,-1.23775601387024,1.79517531394959
Q8IV08,-2.75628113746643,1.11725318431854,1.48911964893341,-1.64976763725281,-1.86409163475037,-2.82003569602966,2.15734887123108,-0.247501596808434,-1.00536382198334,-0.967852830886841,-1.18102216720581,1.1103630065918,-2.67090392112732,1.28554213047028,-0.0155293950811028,-1.72247636318207,-0.554744064807892,-2.07718825340271,-2.69304275512695,-0.645915448665619,-2.78477835655212,-0.845779478549957,-2.48684620857239,-1.65425717830658,-2.42752051353455,-0.807536542415619,-2.41112041473389,-1.51148533821106,-2.58561229705811,-0.142375767230988,-1.57778608798981,0.699460864067078,-2.18819117546082,0.0527840405702591,-1.19716536998749,-1.48264312744141,-0.518999516963959,-2.49529528617859,-2.65501141548157,-0.610910594463348,-2.83995366096497
P41212,1.89569818973541,1.80351078510284,0.0979742407798767,0.246962442994118,1.64640259742737,0.518783867359161,0.214798524975777,0.539865970611572,2.27233576774597,0.465102851390839,-0.099818229675293,0.130646988749504,0.659676909446716,-0.482176929712296,1.20336937904358,1.6292142868042,2.27549934387207,0.595246613025665,1.38684570789337,1.16191911697388,1.11944389343262,1.20630586147308,1.72282040119171,0.921656906604767,-0.357582181692123,0.949849903583527,2.25589108467102,1.59300577640533,1.84078311920166,0.264170140028,1.97067523002625,-0.151117905974388,2.15239930152893,0.37776643037796,2.02450108528137,2.10656476020813,0.908249974250793,1.05899822711945,1.39276206493378,1.81340861320496,0.991360723972321
P50135,-2.52004504203796,-0.625022411346436,0.292710661888123,1.59179699420929,NaN,NaN,1.98434293270111,-3.15416646003723,NaN,NaN,1.52625608444214,1.54495131969452,1.33721244335175,1.75324332714081,-0.0186826642602682,NaN,NaN,-2.2559118270874,-1.8205908536911,-1.30442929267883,-1.76642334461212,-0.913412511348724,NaN,0.331654608249664,-0.532936334609985,-1.09117567539215,NaN,-1.77883577346802,-1.24838578701019,0.919085562229156,NaN,1.96529471874237,NaN,-2.07860732078552,-1.66716516017914,NaN,0.103738829493523,-0.729471623897552,NaN,NaN,-2.90458059310913
Q9NUQ2,-0.792239427566528,-0.0607938095927238,-1.34282684326172,-0.876676797866821,0.90903228521347,-0.303604632616043,-3.11954236030579,-0.392804324626923,1.53121304512024,0.535022914409637,-1.45836651325226,-1.43236005306244,-0.557048797607422,-1.4684841632843,-0.940339803695679,-0.0063912239857018,1.219477891922,0.199860259890556,-0.534077048301697,0.781894087791443,0.840955495834351,0.209899261593819,0.317409992218018,-0.789375603199005,-1.37965834140778,-0.648021399974823,-0.192470133304596,0.778214514255524,0.607376217842102,-1.22743058204651,0.710456967353821,-2.10997295379639,-0.0181517694145441,-0.197429373860359,0.891653895378113,0.98188191652298,-0.294744729995728,0.522203087806702,-0.342246502637863,0.235373720526695,0.673499882221222
P31949,-0.424369812011719,-0.0524800568819046,1.29512798786163,1.53624320030212,-0.09262815117836,-0.668703675270081,0.901745676994324,1.57095777988434,-0.471358120441437,1.43608927726746,1.3032660484314,1.09643340110779,1.00225365161896,1.35309112071991,1.10578191280365,0.96227353811264,-0.314501345157623,-0.01738166436553,-2.00795555114746,-0.407961547374725,1.01225972175598,0.953076004981995,-2.74812078475952,-0.0616833865642548,1.19891488552094,1.43724739551544,-0.850491583347321,-0.759025633335114,-0.950806081295013,0.933422565460205,0.187671110033989,1.23505938053131,-1.27353501319885,1.17786633968353,0.192297950387001,-0.0695186108350754,1.51328194141388,1.01814234256744,1.03513562679291,0.132202625274658,-0.85724288225174
Q9Y6K5,0.351811736822128,0.759489893913269,NaN,0.88722687959671,0.0497165322303772,2.27609062194824,-0.179196119308472,0.662616610527039,1.86656057834625,-0.120315834879875,0.502138257026672,0.980983912944794,1.52952945232391,1.25849044322968,1.27385854721069,1.04115033149719,2.85544490814209,0.609503388404846,1.49720346927643,1.66283249855042,1.61386680603027,1.28389894962311,3.54361820220947,2.16211199760437,2.04971623420715,0.467123627662659,2.55624389648438,1.92335534095764,1.39515697956085,0.216352909803391,2.59858536720276,0.1505176872015,1.25967502593994,0.511605322360992,2.21976709365845,-0.226854249835014,0.54663360118866,0.455555021762848,1.8109210729599,NaN,1.43052458763123
Q13153;Q13153-2,NaN,-0.108821228146553,1.82610476016998,1.78880858421326,1.55646371841431,-0.105202458798885,1.98073518276215,1.53131890296936,-0.0153975514695048,1.17913901805878,2.22389578819275,1.71014320850372,2.23199558258057,1.50405764579773,1.60539722442627,1.10837292671204,0.617445349693298,-0.905634939670563,0.0220061782747507,-0.581374645233154,1.46769738197327,0.247062668204308,0.930257141590118,-0.172359466552734,1.6000542640686,1.4793062210083,2.30071663856506,0.16795127093792,-1.05101537704468,2.18361043930054,0.583680212497711,2.12166905403137,-0.163977921009064,0.617983758449554,0.868775963783264,0.681348323822021,1.39056015014648,1.67168593406677,0.76557320356369,NaN,0.961584448814392
P49768-2;P49768;P49768-7;P49768-6;P49768-3;P49768-5,NaN,-0.436321020126343,0.65963876247406,0.637510418891907,-0.495590806007385,-1.15925252437592,0.79546856880188,0.803225457668304,-0.231907367706299,0.997864425182343,0.420090138912201,0.507335603237152,NaN,0.603096544742584,0.943542182445526,-0.634395062923431,-0.449186027050018,-1.20757722854614,-0.25533139705658,NaN,-0.0770818889141083,1.04576277732849,-1.16102600097656,-0.513014733791351,0.0779893174767494,0.781945407390594,-1.20254135131836,-0.283668994903564,-0.961067974567413,0.142571061849594,NaN,0.404686272144318,-0.443370491266251,0.830137014389038,-0.358173877000809,-0.184066087007523,0.906444668769836,0.318773478269577,NaN,NaN,-0.778922200202942
Q9NSC5;Q9NSC5-5;Q9NSC5-2,0.188585087656975,0.946243047714233,0.685395061969757,0.765341937541962,-2.04900908470154,NaN,1.25714778900146,0.21852058172226,-1.93267285823822,0.00418752711266279,0.815809607505798,0.997117042541504,0.172941356897354,0.890096604824066,0.756241858005524,-0.245580449700356,-1.61645460128784,-0.499203890562058,-1.98068130016327,NaN,-0.175095677375793,-0.28176087141037,-0.478820204734802,-0.739950835704803,-0.184552028775215,0.241892129182816,-1.18539702892303,-1.05550992488861,NaN,0.587443232536316,-1.17861890792847,1.1964750289917,NaN,NaN,-1.06981635093689,-1.24870193004608,0.667924702167511,0.00398456957191229,NaN,NaN,0.686653614044189
P22830;P22830-2,3.17018723487854,1.02152407169342,1.2748943567276,0.780781090259552,3.06650638580322,1.08619487285614,0.805810511112213,0.504031956195831,1.61538136005402,1.03043866157532,0.630612969398499,0.672540426254272,1.48229646682739,1.2926310300827,1.87942802906036,0.899879455566406,1.82183015346527,1.41469955444336,2.24461364746094,2.48472046852112,1.91181254386902,2.33945560455322,2.5399649143219,1.27881479263306,0.907766997814178,1.41489636898041,1.1831887960434,2.05117678642273,2.41260194778442,0.915366053581238,1.39800202846527,1.18632769584656,2.67531800270081,2.18874645233154,2.069828748703,1.66998875141144,2.16346335411072,1.99027991294861,2.61435461044312,2.10137677192688,2.25448656082153
P49716,NaN,-1.29195141792297,0.307413041591644,-0.391144037246704,-0.794228613376617,NaN,0.516298234462738,-0.445129662752151,0.592976868152618,0.53305596113205,0,NaN,NaN,0.00559755321592093,-0.918872356414795,-0.702546119689941,-2.08872032165527,NaN,NaN,NaN,-0.289053201675415,-0.353842973709106,-3.19057106971741,NaN,NaN,0.855480551719666,-1.28312826156616,NaN,NaN,-0.271660566329956,-1.18917262554169,0.300493627786636,-3.55380344390869,-0.597905039787292,NaN,-1.20091104507446,0.320621371269226,-0.2569180727005,-1.19195091724396,NaN,NaN
Q5SNT2;Q5SNT2-2,-0.23216986656189,0.918716549873352,-1.03455579280853,-0.742522180080414,-0.390388041734695,-0.752245604991913,-1.08328223228455,-2.03645491600037,0.31840580701828,-0.63185042142868,NaN,-1.28164970874786,NaN,-0.725601375102997,-0.697732150554657,-0.927204191684723,-0.419660657644272,0.3761166036129,-0.211200401186943,0.329970717430115,0.34432315826416,0.057414885610342,0.420188635587692,1.05717372894287,-1.50518453121185,-0.875660181045532,0.633849740028381,0.58369117975235,-0.225308939814568,-1.49700856208801,-0.342917710542679,-0.0862707495689392,-0.0294059868901968,NaN,0.0287476442754269,0.143612131476402,-0.414318472146988,-0.0167317520827055,-1.26922750473022,0.492892950773239,-0.149765804409981
Q8NBX0,1.44732129573822,1.2653683423996,0.32755908370018,0.361806333065033,1.98298323154449,0.473569869995117,0.00922479946166277,0.763465821743011,1.94480240345001,1.26600706577301,0.260930776596069,0.334205150604248,0.579810082912445,-0.0714409649372101,0.79329913854599,1.08137929439545,1.76029074192047,1.07219088077545,1.56288659572601,1.40262925624847,1.8882360458374,1.30911386013031,0.641080439090729,1.30647659301758,-0.455438703298569,1.22007191181183,0.863205075263977,1.33257508277893,1.28404569625854,0.232156053185463,1.21215927600861,0.140089720487595,2.06476998329163,1.58465242385864,1.21001136302948,1.60613560676575,1.54540145397186,1.08007323741913,1.09293150901794,1.60039913654327,1.58648729324341
Q9Y286-2;Q9Y286;Q9Y286-4;Q9Y286-3,NaN,NaN,1.72815048694611,1.99239122867584,NaN,NaN,0.515247583389282,0.187456741929054,NaN,2.18990063667297,1.34245300292969,NaN,1.56692743301392,1.770388007164,NaN,NaN,NaN,NaN,-0.340582102537155,0.323654681444168,1.53738260269165,1.21588337421417,NaN,NaN,1.14008498191834,NaN,NaN,NaN,NaN,0.51115870475769,NaN,NaN,NaN,NaN,NaN,NaN,0.918188512325287,NaN,0.228149279952049,NaN,NaN
Q6YHU6-3;Q6YHU6;Q6YHU6-2;Q6YHU6-4,NaN,0.217565640807152,0.411831587553024,NaN,NaN,NaN,NaN,-0.561231315135956,NaN,NaN,-1.04606568813324,0.171498641371727,NaN,NaN,NaN,-0.845949351787567,NaN,-0.678439676761627,-1.16778087615967,NaN,-0.906462132930756,NaN,-0.637547373771667,-0.63130646944046,-1.69893026351929,NaN,-0.665356755256653,NaN,NaN,-1.27497851848602,-0.758414030075073,-0.173683896660805,-1.27034986019135,NaN,NaN,-1.36584603786469,NaN,NaN,NaN,NaN,-0.786509454250336
O00764;O00764-3;O00764-2,-0.650228500366211,-0.857288122177124,-0.42669615149498,0.94245833158493,-1.55962824821472,-0.882936537265778,0.988277077674866,1.21943974494934,-1.82387614250183,-0.151974275708199,0.85981160402298,0.747930943965912,0.452480912208557,0.829639732837677,0.00967646297067404,0.48967245221138,-0.811129093170166,-0.391732156276703,-1.5693267583847,-1.9426566362381,0.207072734832764,-1.80595624446869,-1.17994046211243,0.1692965477705,0.841308414936066,-1.13522922992706,-0.608243763446808,-1.65555334091187,-2.05411028862,0.403812050819397,0.316183567047119,0.119183950126171,-1.50592458248138,-0.672059178352356,-0.42941153049469,-0.3792524933815,-0.63113933801651,-0.838438451290131,0.588191032409668,-1.86187088489532,-0.583365917205811
Q9Y6R0,NaN,NaN,0.733286261558533,0.44968581199646,NaN,NaN,0.617991864681244,1.07233822345734,-0.451354444026947,NaN,NaN,0.762205541133881,-0.953651368618011,NaN,NaN,-1.0392359495163,-0.563557744026184,NaN,NaN,NaN,-0.261049062013626,NaN,NaN,-0.542535364627838,NaN,NaN,NaN,NaN,NaN,NaN,-1.29368901252747,0.535340309143066,NaN,NaN,NaN,NaN,NaN,NaN,NaN,NaN,NaN
Q9BQF6-5;Q9BQF6;Q9BQF6-2;Q9BQF6-4,NaN,NaN,0.777817368507385,NaN,2.09489917755127,1.3608809709549,0.76937198638916,NaN,NaN,1.88258981704712,0.754560947418213,NaN,1.07496964931488,0.843125641345978,NaN,1.5533618927002,1.14710700511932,1.1663703918457,1.64348638057709,1.32198452949524,1.33390879631042,NaN,1.77234137058258,2.17369604110718,1.38542461395264,NaN,NaN,2.32428503036499,2.5078399181366,0.780429422855377,1.822625041008,NaN,2.25797605514526,NaN,NaN,NaN,NaN,1.66890347003937,NaN,2.04685282707214,1.60320997238159
Q14019,0.686149120330811,-0.279595762491226,0.108875267207623,2.03690958023071,1.13311052322388,1.16446721553802,1.17030048370361,1.96218061447144,0.599303305149078,-0.0652622207999229,1.9616847038269,1.77580511569977,2.00377798080444,1.19870734214783,0.641355156898499,2.07282495498657,1.72021901607513,0.793865025043488,0.1055643633008,-1.04090082645416,1.69739151000977,-1.12054288387299,0.126317083835602,0.492649883031845,2.37448573112488,-0.290310502052307,0.89139461517334,-0.758389174938202,-1.00866866111755,1.81101024150848,1.8951632976532,2.05142498016357,-0.692805409431458,-0.563968002796173,0.0150722516700625,1.36914229393005,-0.0398539677262306,-0.523390591144562,1.15381157398224,-1.51053059101105,0.721973419189453
P20839-3;P20839-7;P20839-5;P20839-6;P20839;P20839-2;P20839-4,-1.73325335979462,-0.952187061309814,0.413024246692657,0.580961763858795,-0.0676612183451653,-0.584147036075592,0.117016188800335,1.14006245136261,-0.169848024845123,0.343309491872787,0.598861873149872,0.636071026325226,0.293678909540176,0.57421600818634,-0.0393494144082069,0.680353105068207,0.00136541179381311,-0.993446111679077,-1.29784500598907,-0.96526962518692,-0.168076664209366,-0.876682162284851,-0.110335722565651,-0.439235210418701,0.669993996620178,0.0517003387212753,-0.543272078037262,-0.791191279888153,-1.24635684490204,0.599425792694092,0.286871314048767,0.223602429032326,-1.03316426277161,-0.449942082166672,-0.379675805568695,-0.319050759077072,-0.120132155716419,-0.396579712629318,-0.361218810081482,-1.05444431304932,-0.706577718257904
Q4G0N4;Q4G0N4-2;Q4G0N4-3,1.27005231380463,1.52862966060638,0.138508096337318,-0.173325642943382,2.02046704292297,-0.0190974213182926,-1.2326203584671,0.0149063374847174,1.22537684440613,0.405474990606308,-0.381203174591064,-0.136803790926933,0.165953129529953,-0.21677266061306,0.505447030067444,0.54649692773819,1.22592496871948,1.05270349979401,0.78422474861145,1.3892902135849,1.4457870721817,0.7921462059021,0.905108213424683,1.45820534229279,-0.546400368213654,-0.0743793025612831,0.996081709861755,0.512036383152008,1.5730311870575,0.0898027345538139,0.969527423381805,-1.02820789813995,1.80063533782959,0.586880087852478,1.10722732543945,1.38559091091156,0.637142658233643,1.1011757850647,0.834982872009277,1.67080509662628,1.35355162620544
Q9HB40;Q9HB40-2,-1.7630455493927,-0.108244061470032,1.8160126209259,1.50600600242615,0.14414981007576,-1.75407671928406,1.74345874786377,2.05119943618774,0.775369644165039,1.92366755008698,1.3949933052063,1.2959144115448,1.15992796421051,1.51478230953217,1.46620118618011,0.934981107711792,-0.113890916109085,-2.71442699432373,-0.756809055805206,-0.777060389518738,0.779853224754334,0.997213542461395,-2.82070708274841,0.00272910576313734,0.820496737957001,2.09710884094238,0.67391562461853,0.741435825824738,-2.97890710830688,1.64820063114166,0.765041708946228,1.56945538520813,-3.76391625404358,0.564675211906433,0.233689606189728,1.1303471326828,1.58459746837616,1.21882343292236,-0.860834121704102,-0.648673295974731,-0.872756004333496
